--
-- PostgreSQL database dump
--

-- Dumped from database version 17.5
-- Dumped by pg_dump version 17.5

-- Started on 2025-07-12 01:21:55

SET statement_timeout = 0;
SET lock_timeout = 0;
SET idle_in_transaction_session_timeout = 0;
SET transaction_timeout = 0;
SET client_encoding = 'UTF8';
SET standard_conforming_strings = on;
SELECT pg_catalog.set_config('search_path', '', false);
SET check_function_bodies = false;
SET xmloption = content;
SET client_min_messages = warning;
SET row_security = off;

SET default_tablespace = '';

SET default_table_access_method = heap;

--
-- TOC entry 234 (class 1259 OID 17233)
-- Name: account_emailaddress; Type: TABLE; Schema: public; Owner: postgres
--

CREATE TABLE public.account_emailaddress (
    id integer NOT NULL,
    email character varying(254) NOT NULL,
    verified boolean NOT NULL,
    "primary" boolean NOT NULL,
    user_id bigint NOT NULL
);


ALTER TABLE public.account_emailaddress OWNER TO postgres;

--
-- TOC entry 233 (class 1259 OID 17232)
-- Name: account_emailaddress_id_seq; Type: SEQUENCE; Schema: public; Owner: postgres
--

ALTER TABLE public.account_emailaddress ALTER COLUMN id ADD GENERATED BY DEFAULT AS IDENTITY (
    SEQUENCE NAME public.account_emailaddress_id_seq
    START WITH 1
    INCREMENT BY 1
    NO MINVALUE
    NO MAXVALUE
    CACHE 1
);


--
-- TOC entry 236 (class 1259 OID 17241)
-- Name: account_emailconfirmation; Type: TABLE; Schema: public; Owner: postgres
--

CREATE TABLE public.account_emailconfirmation (
    id integer NOT NULL,
    created timestamp with time zone NOT NULL,
    sent timestamp with time zone,
    key character varying(64) NOT NULL,
    email_address_id integer NOT NULL
);


ALTER TABLE public.account_emailconfirmation OWNER TO postgres;

--
-- TOC entry 235 (class 1259 OID 17240)
-- Name: account_emailconfirmation_id_seq; Type: SEQUENCE; Schema: public; Owner: postgres
--

ALTER TABLE public.account_emailconfirmation ALTER COLUMN id ADD GENERATED BY DEFAULT AS IDENTITY (
    SEQUENCE NAME public.account_emailconfirmation_id_seq
    START WITH 1
    INCREMENT BY 1
    NO MINVALUE
    NO MAXVALUE
    CACHE 1
);


--
-- TOC entry 224 (class 1259 OID 17139)
-- Name: auth_group; Type: TABLE; Schema: public; Owner: postgres
--

CREATE TABLE public.auth_group (
    id integer NOT NULL,
    name character varying(150) NOT NULL
);


ALTER TABLE public.auth_group OWNER TO postgres;

--
-- TOC entry 223 (class 1259 OID 17138)
-- Name: auth_group_id_seq; Type: SEQUENCE; Schema: public; Owner: postgres
--

ALTER TABLE public.auth_group ALTER COLUMN id ADD GENERATED BY DEFAULT AS IDENTITY (
    SEQUENCE NAME public.auth_group_id_seq
    START WITH 1
    INCREMENT BY 1
    NO MINVALUE
    NO MAXVALUE
    CACHE 1
);


--
-- TOC entry 226 (class 1259 OID 17147)
-- Name: auth_group_permissions; Type: TABLE; Schema: public; Owner: postgres
--

CREATE TABLE public.auth_group_permissions (
    id bigint NOT NULL,
    group_id integer NOT NULL,
    permission_id integer NOT NULL
);


ALTER TABLE public.auth_group_permissions OWNER TO postgres;

--
-- TOC entry 225 (class 1259 OID 17146)
-- Name: auth_group_permissions_id_seq; Type: SEQUENCE; Schema: public; Owner: postgres
--

ALTER TABLE public.auth_group_permissions ALTER COLUMN id ADD GENERATED BY DEFAULT AS IDENTITY (
    SEQUENCE NAME public.auth_group_permissions_id_seq
    START WITH 1
    INCREMENT BY 1
    NO MINVALUE
    NO MAXVALUE
    CACHE 1
);


--
-- TOC entry 222 (class 1259 OID 17133)
-- Name: auth_permission; Type: TABLE; Schema: public; Owner: postgres
--

CREATE TABLE public.auth_permission (
    id integer NOT NULL,
    name character varying(255) NOT NULL,
    content_type_id integer NOT NULL,
    codename character varying(100) NOT NULL
);


ALTER TABLE public.auth_permission OWNER TO postgres;

--
-- TOC entry 221 (class 1259 OID 17132)
-- Name: auth_permission_id_seq; Type: SEQUENCE; Schema: public; Owner: postgres
--

ALTER TABLE public.auth_permission ALTER COLUMN id ADD GENERATED BY DEFAULT AS IDENTITY (
    SEQUENCE NAME public.auth_permission_id_seq
    START WITH 1
    INCREMENT BY 1
    NO MINVALUE
    NO MAXVALUE
    CACHE 1
);


--
-- TOC entry 244 (class 1259 OID 17311)
-- Name: comments_comment; Type: TABLE; Schema: public; Owner: postgres
--

CREATE TABLE public.comments_comment (
    id bigint NOT NULL,
    content text NOT NULL,
    created_at timestamp with time zone NOT NULL,
    updated_at timestamp with time zone NOT NULL,
    commenter_id bigint NOT NULL,
    parent_id bigint,
    post_id bigint NOT NULL
);


ALTER TABLE public.comments_comment OWNER TO postgres;

--
-- TOC entry 243 (class 1259 OID 17310)
-- Name: comments_comment_id_seq; Type: SEQUENCE; Schema: public; Owner: postgres
--

ALTER TABLE public.comments_comment ALTER COLUMN id ADD GENERATED BY DEFAULT AS IDENTITY (
    SEQUENCE NAME public.comments_comment_id_seq
    START WITH 1
    INCREMENT BY 1
    NO MINVALUE
    NO MAXVALUE
    CACHE 1
);


--
-- TOC entry 238 (class 1259 OID 17273)
-- Name: django_admin_log; Type: TABLE; Schema: public; Owner: postgres
--

CREATE TABLE public.django_admin_log (
    id integer NOT NULL,
    action_time timestamp with time zone NOT NULL,
    object_id text,
    object_repr character varying(200) NOT NULL,
    action_flag smallint NOT NULL,
    change_message text NOT NULL,
    content_type_id integer,
    user_id bigint NOT NULL,
    CONSTRAINT django_admin_log_action_flag_check CHECK ((action_flag >= 0))
);


ALTER TABLE public.django_admin_log OWNER TO postgres;

--
-- TOC entry 237 (class 1259 OID 17272)
-- Name: django_admin_log_id_seq; Type: SEQUENCE; Schema: public; Owner: postgres
--

ALTER TABLE public.django_admin_log ALTER COLUMN id ADD GENERATED BY DEFAULT AS IDENTITY (
    SEQUENCE NAME public.django_admin_log_id_seq
    START WITH 1
    INCREMENT BY 1
    NO MINVALUE
    NO MAXVALUE
    CACHE 1
);


--
-- TOC entry 220 (class 1259 OID 17125)
-- Name: django_content_type; Type: TABLE; Schema: public; Owner: postgres
--

CREATE TABLE public.django_content_type (
    id integer NOT NULL,
    app_label character varying(100) NOT NULL,
    model character varying(100) NOT NULL
);


ALTER TABLE public.django_content_type OWNER TO postgres;

--
-- TOC entry 219 (class 1259 OID 17124)
-- Name: django_content_type_id_seq; Type: SEQUENCE; Schema: public; Owner: postgres
--

ALTER TABLE public.django_content_type ALTER COLUMN id ADD GENERATED BY DEFAULT AS IDENTITY (
    SEQUENCE NAME public.django_content_type_id_seq
    START WITH 1
    INCREMENT BY 1
    NO MINVALUE
    NO MAXVALUE
    CACHE 1
);


--
-- TOC entry 218 (class 1259 OID 17117)
-- Name: django_migrations; Type: TABLE; Schema: public; Owner: postgres
--

CREATE TABLE public.django_migrations (
    id bigint NOT NULL,
    app character varying(255) NOT NULL,
    name character varying(255) NOT NULL,
    applied timestamp with time zone NOT NULL
);


ALTER TABLE public.django_migrations OWNER TO postgres;

--
-- TOC entry 217 (class 1259 OID 17116)
-- Name: django_migrations_id_seq; Type: SEQUENCE; Schema: public; Owner: postgres
--

ALTER TABLE public.django_migrations ALTER COLUMN id ADD GENERATED BY DEFAULT AS IDENTITY (
    SEQUENCE NAME public.django_migrations_id_seq
    START WITH 1
    INCREMENT BY 1
    NO MINVALUE
    NO MAXVALUE
    CACHE 1
);


--
-- TOC entry 247 (class 1259 OID 17362)
-- Name: django_session; Type: TABLE; Schema: public; Owner: postgres
--

CREATE TABLE public.django_session (
    session_key character varying(40) NOT NULL,
    session_data text NOT NULL,
    expire_date timestamp with time zone NOT NULL
);


ALTER TABLE public.django_session OWNER TO postgres;

--
-- TOC entry 249 (class 1259 OID 17372)
-- Name: django_site; Type: TABLE; Schema: public; Owner: postgres
--

CREATE TABLE public.django_site (
    id integer NOT NULL,
    domain character varying(100) NOT NULL,
    name character varying(50) NOT NULL
);


ALTER TABLE public.django_site OWNER TO postgres;

--
-- TOC entry 248 (class 1259 OID 17371)
-- Name: django_site_id_seq; Type: SEQUENCE; Schema: public; Owner: postgres
--

ALTER TABLE public.django_site ALTER COLUMN id ADD GENERATED BY DEFAULT AS IDENTITY (
    SEQUENCE NAME public.django_site_id_seq
    START WITH 1
    INCREMENT BY 1
    NO MINVALUE
    NO MAXVALUE
    CACHE 1
);


--
-- TOC entry 240 (class 1259 OID 17294)
-- Name: posts_post; Type: TABLE; Schema: public; Owner: postgres
--

CREATE TABLE public.posts_post (
    id bigint NOT NULL,
    title character varying(300) NOT NULL,
    content text NOT NULL,
    created_at timestamp with time zone NOT NULL,
    updated_at timestamp with time zone NOT NULL,
    author_id bigint NOT NULL,
    status character varying(2) NOT NULL
);


ALTER TABLE public.posts_post OWNER TO postgres;

--
-- TOC entry 239 (class 1259 OID 17293)
-- Name: posts_post_id_seq; Type: SEQUENCE; Schema: public; Owner: postgres
--

ALTER TABLE public.posts_post ALTER COLUMN id ADD GENERATED BY DEFAULT AS IDENTITY (
    SEQUENCE NAME public.posts_post_id_seq
    START WITH 1
    INCREMENT BY 1
    NO MINVALUE
    NO MAXVALUE
    CACHE 1
);


--
-- TOC entry 246 (class 1259 OID 17342)
-- Name: posts_post_tags; Type: TABLE; Schema: public; Owner: postgres
--

CREATE TABLE public.posts_post_tags (
    id bigint NOT NULL,
    post_id bigint NOT NULL,
    tag_id bigint NOT NULL
);


ALTER TABLE public.posts_post_tags OWNER TO postgres;

--
-- TOC entry 245 (class 1259 OID 17341)
-- Name: posts_post_tags_id_seq; Type: SEQUENCE; Schema: public; Owner: postgres
--

ALTER TABLE public.posts_post_tags ALTER COLUMN id ADD GENERATED BY DEFAULT AS IDENTITY (
    SEQUENCE NAME public.posts_post_tags_id_seq
    START WITH 1
    INCREMENT BY 1
    NO MINVALUE
    NO MAXVALUE
    CACHE 1
);


--
-- TOC entry 242 (class 1259 OID 17302)
-- Name: posts_tag; Type: TABLE; Schema: public; Owner: postgres
--

CREATE TABLE public.posts_tag (
    id bigint NOT NULL,
    name character varying(150) NOT NULL
);


ALTER TABLE public.posts_tag OWNER TO postgres;

--
-- TOC entry 241 (class 1259 OID 17301)
-- Name: posts_tag_id_seq; Type: SEQUENCE; Schema: public; Owner: postgres
--

ALTER TABLE public.posts_tag ALTER COLUMN id ADD GENERATED BY DEFAULT AS IDENTITY (
    SEQUENCE NAME public.posts_tag_id_seq
    START WITH 1
    INCREMENT BY 1
    NO MINVALUE
    NO MAXVALUE
    CACHE 1
);


--
-- TOC entry 251 (class 1259 OID 17381)
-- Name: socialaccount_socialaccount; Type: TABLE; Schema: public; Owner: postgres
--

CREATE TABLE public.socialaccount_socialaccount (
    id integer NOT NULL,
    provider character varying(200) NOT NULL,
    uid character varying(191) NOT NULL,
    last_login timestamp with time zone NOT NULL,
    date_joined timestamp with time zone NOT NULL,
    extra_data jsonb NOT NULL,
    user_id bigint NOT NULL
);


ALTER TABLE public.socialaccount_socialaccount OWNER TO postgres;

--
-- TOC entry 250 (class 1259 OID 17380)
-- Name: socialaccount_socialaccount_id_seq; Type: SEQUENCE; Schema: public; Owner: postgres
--

ALTER TABLE public.socialaccount_socialaccount ALTER COLUMN id ADD GENERATED BY DEFAULT AS IDENTITY (
    SEQUENCE NAME public.socialaccount_socialaccount_id_seq
    START WITH 1
    INCREMENT BY 1
    NO MINVALUE
    NO MAXVALUE
    CACHE 1
);


--
-- TOC entry 253 (class 1259 OID 17389)
-- Name: socialaccount_socialapp; Type: TABLE; Schema: public; Owner: postgres
--

CREATE TABLE public.socialaccount_socialapp (
    id integer NOT NULL,
    provider character varying(30) NOT NULL,
    name character varying(40) NOT NULL,
    client_id character varying(191) NOT NULL,
    secret character varying(191) NOT NULL,
    key character varying(191) NOT NULL,
    provider_id character varying(200) NOT NULL,
    settings jsonb NOT NULL
);


ALTER TABLE public.socialaccount_socialapp OWNER TO postgres;

--
-- TOC entry 252 (class 1259 OID 17388)
-- Name: socialaccount_socialapp_id_seq; Type: SEQUENCE; Schema: public; Owner: postgres
--

ALTER TABLE public.socialaccount_socialapp ALTER COLUMN id ADD GENERATED BY DEFAULT AS IDENTITY (
    SEQUENCE NAME public.socialaccount_socialapp_id_seq
    START WITH 1
    INCREMENT BY 1
    NO MINVALUE
    NO MAXVALUE
    CACHE 1
);


--
-- TOC entry 255 (class 1259 OID 17395)
-- Name: socialaccount_socialapp_sites; Type: TABLE; Schema: public; Owner: postgres
--

CREATE TABLE public.socialaccount_socialapp_sites (
    id bigint NOT NULL,
    socialapp_id integer NOT NULL,
    site_id integer NOT NULL
);


ALTER TABLE public.socialaccount_socialapp_sites OWNER TO postgres;

--
-- TOC entry 254 (class 1259 OID 17394)
-- Name: socialaccount_socialapp_sites_id_seq; Type: SEQUENCE; Schema: public; Owner: postgres
--

ALTER TABLE public.socialaccount_socialapp_sites ALTER COLUMN id ADD GENERATED BY DEFAULT AS IDENTITY (
    SEQUENCE NAME public.socialaccount_socialapp_sites_id_seq
    START WITH 1
    INCREMENT BY 1
    NO MINVALUE
    NO MAXVALUE
    CACHE 1
);


--
-- TOC entry 257 (class 1259 OID 17401)
-- Name: socialaccount_socialtoken; Type: TABLE; Schema: public; Owner: postgres
--

CREATE TABLE public.socialaccount_socialtoken (
    id integer NOT NULL,
    token text NOT NULL,
    token_secret text NOT NULL,
    expires_at timestamp with time zone,
    account_id integer NOT NULL,
    app_id integer
);


ALTER TABLE public.socialaccount_socialtoken OWNER TO postgres;

--
-- TOC entry 256 (class 1259 OID 17400)
-- Name: socialaccount_socialtoken_id_seq; Type: SEQUENCE; Schema: public; Owner: postgres
--

ALTER TABLE public.socialaccount_socialtoken ALTER COLUMN id ADD GENERATED BY DEFAULT AS IDENTITY (
    SEQUENCE NAME public.socialaccount_socialtoken_id_seq
    START WITH 1
    INCREMENT BY 1
    NO MINVALUE
    NO MAXVALUE
    CACHE 1
);


--
-- TOC entry 259 (class 1259 OID 17465)
-- Name: token_blacklist_blacklistedtoken; Type: TABLE; Schema: public; Owner: postgres
--

CREATE TABLE public.token_blacklist_blacklistedtoken (
    id bigint NOT NULL,
    blacklisted_at timestamp with time zone NOT NULL,
    token_id bigint NOT NULL
);


ALTER TABLE public.token_blacklist_blacklistedtoken OWNER TO postgres;

--
-- TOC entry 258 (class 1259 OID 17464)
-- Name: token_blacklist_blacklistedtoken_id_seq; Type: SEQUENCE; Schema: public; Owner: postgres
--

ALTER TABLE public.token_blacklist_blacklistedtoken ALTER COLUMN id ADD GENERATED BY DEFAULT AS IDENTITY (
    SEQUENCE NAME public.token_blacklist_blacklistedtoken_id_seq
    START WITH 1
    INCREMENT BY 1
    NO MINVALUE
    NO MAXVALUE
    CACHE 1
);


--
-- TOC entry 261 (class 1259 OID 17471)
-- Name: token_blacklist_outstandingtoken; Type: TABLE; Schema: public; Owner: postgres
--

CREATE TABLE public.token_blacklist_outstandingtoken (
    id bigint NOT NULL,
    token text NOT NULL,
    created_at timestamp with time zone,
    expires_at timestamp with time zone NOT NULL,
    user_id bigint,
    jti character varying(255) NOT NULL
);


ALTER TABLE public.token_blacklist_outstandingtoken OWNER TO postgres;

--
-- TOC entry 260 (class 1259 OID 17470)
-- Name: token_blacklist_outstandingtoken_id_seq; Type: SEQUENCE; Schema: public; Owner: postgres
--

ALTER TABLE public.token_blacklist_outstandingtoken ALTER COLUMN id ADD GENERATED BY DEFAULT AS IDENTITY (
    SEQUENCE NAME public.token_blacklist_outstandingtoken_id_seq
    START WITH 1
    INCREMENT BY 1
    NO MINVALUE
    NO MAXVALUE
    CACHE 1
);


--
-- TOC entry 228 (class 1259 OID 17179)
-- Name: users_user; Type: TABLE; Schema: public; Owner: postgres
--

CREATE TABLE public.users_user (
    id bigint NOT NULL,
    password character varying(128) NOT NULL,
    last_login timestamp with time zone,
    is_superuser boolean NOT NULL,
    first_name character varying(150) NOT NULL,
    last_name character varying(150) NOT NULL,
    is_staff boolean NOT NULL,
    is_active boolean NOT NULL,
    date_joined timestamp with time zone NOT NULL,
    username character varying(100) NOT NULL,
    email character varying(254) NOT NULL,
    bio character varying(600) NOT NULL,
    profile_image character varying(100)
);


ALTER TABLE public.users_user OWNER TO postgres;

--
-- TOC entry 230 (class 1259 OID 17191)
-- Name: users_user_groups; Type: TABLE; Schema: public; Owner: postgres
--

CREATE TABLE public.users_user_groups (
    id bigint NOT NULL,
    user_id bigint NOT NULL,
    group_id integer NOT NULL
);


ALTER TABLE public.users_user_groups OWNER TO postgres;

--
-- TOC entry 229 (class 1259 OID 17190)
-- Name: users_user_groups_id_seq; Type: SEQUENCE; Schema: public; Owner: postgres
--

ALTER TABLE public.users_user_groups ALTER COLUMN id ADD GENERATED BY DEFAULT AS IDENTITY (
    SEQUENCE NAME public.users_user_groups_id_seq
    START WITH 1
    INCREMENT BY 1
    NO MINVALUE
    NO MAXVALUE
    CACHE 1
);


--
-- TOC entry 227 (class 1259 OID 17178)
-- Name: users_user_id_seq; Type: SEQUENCE; Schema: public; Owner: postgres
--

ALTER TABLE public.users_user ALTER COLUMN id ADD GENERATED BY DEFAULT AS IDENTITY (
    SEQUENCE NAME public.users_user_id_seq
    START WITH 1
    INCREMENT BY 1
    NO MINVALUE
    NO MAXVALUE
    CACHE 1
);


--
-- TOC entry 232 (class 1259 OID 17197)
-- Name: users_user_user_permissions; Type: TABLE; Schema: public; Owner: postgres
--

CREATE TABLE public.users_user_user_permissions (
    id bigint NOT NULL,
    user_id bigint NOT NULL,
    permission_id integer NOT NULL
);


ALTER TABLE public.users_user_user_permissions OWNER TO postgres;

--
-- TOC entry 231 (class 1259 OID 17196)
-- Name: users_user_user_permissions_id_seq; Type: SEQUENCE; Schema: public; Owner: postgres
--

ALTER TABLE public.users_user_user_permissions ALTER COLUMN id ADD GENERATED BY DEFAULT AS IDENTITY (
    SEQUENCE NAME public.users_user_user_permissions_id_seq
    START WITH 1
    INCREMENT BY 1
    NO MINVALUE
    NO MAXVALUE
    CACHE 1
);


--
-- TOC entry 5109 (class 0 OID 17233)
-- Dependencies: 234
-- Data for Name: account_emailaddress; Type: TABLE DATA; Schema: public; Owner: postgres
--

COPY public.account_emailaddress (id, email, verified, "primary", user_id) FROM stdin;
1	test@gmail.com	f	t	1
2	test3@gmail.com	f	t	2
3	test4@example.com	f	t	3
4	minh@example.com	f	t	4
5	namiya@example.com	f	t	5
\.


--
-- TOC entry 5111 (class 0 OID 17241)
-- Dependencies: 236
-- Data for Name: account_emailconfirmation; Type: TABLE DATA; Schema: public; Owner: postgres
--

COPY public.account_emailconfirmation (id, created, sent, key, email_address_id) FROM stdin;
\.


--
-- TOC entry 5099 (class 0 OID 17139)
-- Dependencies: 224
-- Data for Name: auth_group; Type: TABLE DATA; Schema: public; Owner: postgres
--

COPY public.auth_group (id, name) FROM stdin;
\.


--
-- TOC entry 5101 (class 0 OID 17147)
-- Dependencies: 226
-- Data for Name: auth_group_permissions; Type: TABLE DATA; Schema: public; Owner: postgres
--

COPY public.auth_group_permissions (id, group_id, permission_id) FROM stdin;
\.


--
-- TOC entry 5097 (class 0 OID 17133)
-- Dependencies: 222
-- Data for Name: auth_permission; Type: TABLE DATA; Schema: public; Owner: postgres
--

COPY public.auth_permission (id, name, content_type_id, codename) FROM stdin;
1	Can add log entry	1	add_logentry
2	Can change log entry	1	change_logentry
3	Can delete log entry	1	delete_logentry
4	Can view log entry	1	view_logentry
5	Can add permission	2	add_permission
6	Can change permission	2	change_permission
7	Can delete permission	2	delete_permission
8	Can view permission	2	view_permission
9	Can add group	3	add_group
10	Can change group	3	change_group
11	Can delete group	3	delete_group
12	Can view group	3	view_group
13	Can add content type	4	add_contenttype
14	Can change content type	4	change_contenttype
15	Can delete content type	4	delete_contenttype
16	Can view content type	4	view_contenttype
17	Can add session	5	add_session
18	Can change session	5	change_session
19	Can delete session	5	delete_session
20	Can view session	5	view_session
21	Can add site	6	add_site
22	Can change site	6	change_site
23	Can delete site	6	delete_site
24	Can view site	6	view_site
25	Can add email address	7	add_emailaddress
26	Can change email address	7	change_emailaddress
27	Can delete email address	7	delete_emailaddress
28	Can view email address	7	view_emailaddress
29	Can add email confirmation	8	add_emailconfirmation
30	Can change email confirmation	8	change_emailconfirmation
31	Can delete email confirmation	8	delete_emailconfirmation
32	Can view email confirmation	8	view_emailconfirmation
33	Can add social account	9	add_socialaccount
34	Can change social account	9	change_socialaccount
35	Can delete social account	9	delete_socialaccount
36	Can view social account	9	view_socialaccount
37	Can add social application	10	add_socialapp
38	Can change social application	10	change_socialapp
39	Can delete social application	10	delete_socialapp
40	Can view social application	10	view_socialapp
41	Can add social application token	11	add_socialtoken
42	Can change social application token	11	change_socialtoken
43	Can delete social application token	11	delete_socialtoken
44	Can view social application token	11	view_socialtoken
45	Can add post	12	add_post
46	Can change post	12	change_post
47	Can delete post	12	delete_post
48	Can view post	12	view_post
49	Can add tag	13	add_tag
50	Can change tag	13	change_tag
51	Can delete tag	13	delete_tag
52	Can view tag	13	view_tag
53	Can add comment	14	add_comment
54	Can change comment	14	change_comment
55	Can delete comment	14	delete_comment
56	Can view comment	14	view_comment
57	Can add user	15	add_user
58	Can change user	15	change_user
59	Can delete user	15	delete_user
60	Can view user	15	view_user
61	Can add blacklisted token	16	add_blacklistedtoken
62	Can change blacklisted token	16	change_blacklistedtoken
63	Can delete blacklisted token	16	delete_blacklistedtoken
64	Can view blacklisted token	16	view_blacklistedtoken
65	Can add outstanding token	17	add_outstandingtoken
66	Can change outstanding token	17	change_outstandingtoken
67	Can delete outstanding token	17	delete_outstandingtoken
68	Can view outstanding token	17	view_outstandingtoken
\.


--
-- TOC entry 5119 (class 0 OID 17311)
-- Dependencies: 244
-- Data for Name: comments_comment; Type: TABLE DATA; Schema: public; Owner: postgres
--

COPY public.comments_comment (id, content, created_at, updated_at, commenter_id, parent_id, post_id) FROM stdin;
1	I really like ur post	2025-07-09 18:50:41.987826+07	2025-07-09 18:50:41.987839+07	3	\N	12
2	Thanks man	2025-07-09 18:51:35.170791+07	2025-07-09 18:51:35.170805+07	3	1	12
3	I appreciated that	2025-07-09 20:06:16.671572+07	2025-07-09 20:06:16.671584+07	1	1	12
4	sheshhhh	2025-07-09 20:06:49.818235+07	2025-07-09 20:06:49.818247+07	1	1	12
5	i think you have some error you know	2025-07-09 20:07:22.231416+07	2025-07-09 20:07:22.231432+07	1	\N	1
6	yea i know	2025-07-09 20:07:39.749676+07	2025-07-09 20:07:39.749687+07	1	5	1
7	Nice man	2025-07-09 23:15:08.774865+07	2025-07-09 23:15:08.774878+07	4	\N	12
10	hmmmmmm	2025-07-11 15:33:52.638789+07	2025-07-11 15:33:52.638802+07	5	\N	31
11	sheshh nice bro	2025-07-11 15:34:21.164899+07	2025-07-11 15:34:21.164911+07	5	\N	12
\.


--
-- TOC entry 5113 (class 0 OID 17273)
-- Dependencies: 238
-- Data for Name: django_admin_log; Type: TABLE DATA; Schema: public; Owner: postgres
--

COPY public.django_admin_log (id, action_time, object_id, object_repr, action_flag, change_message, content_type_id, user_id) FROM stdin;
\.


--
-- TOC entry 5095 (class 0 OID 17125)
-- Dependencies: 220
-- Data for Name: django_content_type; Type: TABLE DATA; Schema: public; Owner: postgres
--

COPY public.django_content_type (id, app_label, model) FROM stdin;
1	admin	logentry
2	auth	permission
3	auth	group
4	contenttypes	contenttype
5	sessions	session
6	sites	site
7	account	emailaddress
8	account	emailconfirmation
9	socialaccount	socialaccount
10	socialaccount	socialapp
11	socialaccount	socialtoken
12	posts	post
13	posts	tag
14	comments	comment
15	users	user
16	token_blacklist	blacklistedtoken
17	token_blacklist	outstandingtoken
\.


--
-- TOC entry 5093 (class 0 OID 17117)
-- Dependencies: 218
-- Data for Name: django_migrations; Type: TABLE DATA; Schema: public; Owner: postgres
--

COPY public.django_migrations (id, app, name, applied) FROM stdin;
1	contenttypes	0001_initial	2025-07-01 19:25:45.684425+07
2	contenttypes	0002_remove_content_type_name	2025-07-01 19:25:45.688091+07
3	auth	0001_initial	2025-07-01 19:25:45.705656+07
4	auth	0002_alter_permission_name_max_length	2025-07-01 19:25:45.708195+07
5	auth	0003_alter_user_email_max_length	2025-07-01 19:25:45.710878+07
6	auth	0004_alter_user_username_opts	2025-07-01 19:25:45.713369+07
7	auth	0005_alter_user_last_login_null	2025-07-01 19:25:45.716234+07
8	auth	0006_require_contenttypes_0002	2025-07-01 19:25:45.716966+07
9	auth	0007_alter_validators_add_error_messages	2025-07-01 19:25:45.719603+07
10	auth	0008_alter_user_username_max_length	2025-07-01 19:25:45.721926+07
11	auth	0009_alter_user_last_name_max_length	2025-07-01 19:25:45.725002+07
12	auth	0010_alter_group_name_max_length	2025-07-01 19:25:45.728881+07
13	auth	0011_update_proxy_permissions	2025-07-01 19:25:45.73352+07
14	auth	0012_alter_user_first_name_max_length	2025-07-01 19:25:45.73623+07
15	users	0001_initial	2025-07-01 19:25:45.754053+07
16	account	0001_initial	2025-07-01 19:25:45.771492+07
17	account	0002_email_max_length	2025-07-01 19:25:45.776391+07
18	account	0003_alter_emailaddress_create_unique_verified_email	2025-07-01 19:25:45.784878+07
19	account	0004_alter_emailaddress_drop_unique_email	2025-07-01 19:25:45.793393+07
20	account	0005_emailaddress_idx_upper_email	2025-07-01 19:25:45.799787+07
21	account	0006_emailaddress_lower	2025-07-01 19:25:45.80697+07
22	account	0007_emailaddress_idx_email	2025-07-01 19:25:45.816271+07
23	account	0008_emailaddress_unique_primary_email_fixup	2025-07-01 19:25:45.82321+07
24	account	0009_emailaddress_unique_primary_email	2025-07-01 19:25:45.82828+07
25	admin	0001_initial	2025-07-01 19:25:45.838982+07
26	admin	0002_logentry_remove_auto_add	2025-07-01 19:25:45.84341+07
27	admin	0003_logentry_add_action_flag_choices	2025-07-01 19:25:45.84807+07
28	posts	0001_initial	2025-07-01 19:25:45.854774+07
29	comments	0001_initial	2025-07-01 19:25:45.857977+07
30	comments	0002_initial	2025-07-01 19:25:45.877574+07
31	posts	0002_initial	2025-07-01 19:25:45.899165+07
32	sessions	0001_initial	2025-07-01 19:25:45.903644+07
33	sites	0001_initial	2025-07-01 19:25:45.906691+07
34	sites	0002_alter_domain_unique	2025-07-01 19:25:45.909878+07
35	socialaccount	0001_initial	2025-07-01 19:25:45.952961+07
36	socialaccount	0002_token_max_lengths	2025-07-01 19:25:45.96569+07
37	socialaccount	0003_extra_data_default_dict	2025-07-01 19:25:45.971935+07
38	socialaccount	0004_app_provider_id_settings	2025-07-01 19:25:45.984695+07
39	socialaccount	0005_socialtoken_nullable_app	2025-07-01 19:25:45.996944+07
40	socialaccount	0006_alter_socialaccount_extra_data	2025-07-01 19:25:46.006406+07
41	token_blacklist	0001_initial	2025-07-01 19:35:26.248405+07
42	token_blacklist	0002_outstandingtoken_jti_hex	2025-07-01 19:35:26.25536+07
43	token_blacklist	0003_auto_20171017_2007	2025-07-01 19:35:26.266555+07
44	token_blacklist	0004_auto_20171017_2013	2025-07-01 19:35:26.274483+07
45	token_blacklist	0005_remove_outstandingtoken_jti	2025-07-01 19:35:26.281313+07
46	token_blacklist	0006_auto_20171017_2113	2025-07-01 19:35:26.288926+07
47	token_blacklist	0007_auto_20171017_2214	2025-07-01 19:35:26.311789+07
48	token_blacklist	0008_migrate_to_bigautofield	2025-07-01 19:35:26.339901+07
49	token_blacklist	0010_fix_migrate_to_bigautofield	2025-07-01 19:35:26.354318+07
50	token_blacklist	0011_linearizes_history	2025-07-01 19:35:26.35529+07
51	token_blacklist	0012_alter_outstandingtoken_user	2025-07-01 19:35:26.3669+07
52	posts	0003_post_status	2025-07-10 18:44:34.562148+07
53	posts	0004_alter_post_status	2025-07-10 18:51:39.55074+07
\.


--
-- TOC entry 5122 (class 0 OID 17362)
-- Dependencies: 247
-- Data for Name: django_session; Type: TABLE DATA; Schema: public; Owner: postgres
--

COPY public.django_session (session_key, session_data, expire_date) FROM stdin;
j7gwhqr3yhh6f630qquwag3uphqv5mnr	.eJxVjDkOwjAUBe_iGlnevmJT0nMG6y8WDiBbipMKcXeIlALaNzPvpTJua83bKEueRZ2VU6ffjZAfpe1A7thuXXNv6zKT3hV90KGvXcrzcrh_BxVH_dZgiGKiEIxBJgSLOPnEaIDAWyhTsOAwOgk2GkgcE7ATB8UyiRiv3h_WOzd-:1uY2xC:n4j1_GjvET1AutrCPpysLf3UC8WZW8Pv9Sqe4wwgUMY	2025-07-19 20:29:18.426227+07
pu39u1dwnatnjhr1z0lvu9tckbnm3iuw	.eJxVjEEOwiAQRe_C2pACWpgu3XsGMjBTiyIkbXFjvLs26abb_977H4Ex1lZW_-Y5jYnJ8wtTFkNpOZ-Ex7ZOvi08-0RiEEYctoDxyWUD9MByrzLWss4pyE2RO13krRLn6-4eDiZcpn9tQY0XjV2wESyBIqMMBatcZzsXg9OOgK3ujYrEBGjOhlQA3SsI2iCJ7w8jpkLc:1uY3Eu:QgyEYJ2j87Q7SEit2YxTqIIgERnK_SeD2jVwdSD7dLQ	2025-07-19 20:47:36.01009+07
fpx2e5glkp28oobqgdkfcevmi7q7lv76	.eJxVjEEOgyAQRe_CuiEWQRyX3fcMZBjGSkshUemm6d2riRu3_733vwKJSs2r-_Acx8jB8RtjEkOuKV2Ew7pOri48uxjEILQ4bR7pxXkH4Yn5USSVvM7Ry12RB13kvQROt8M9HUy4TFvdkDaKjYeWCbAhH2yPqoHQdswKWmM7a6GnUY9XMIwdkSGgDSkA9ih-f0BlQ7w:1uZXRg:CdQHi23OVv68wGfyHA1lepwGFcZQ3dOTEQl9bcPsVvc	2025-07-23 23:14:56.081337+07
t7ski7pynserpay4l3xfb00f3d3imspg	.eJxVjMsOwiAQAP-FsyFA6QOP3v0GsssuFkVI2uLF-O-mSS-9zkzmKyCE2srmP7ykmJg8vyFlcS0t54vw0LbZt5UXn0hcRS9ODCG8uOyCnlAeVYZatiWh3BN52FXeK3G-He1pMMM671sFvdXBoEKykzbRQN9FZA0wOqWn0ZGO48CArqNuYFaWMIJ2Co2dgha_PzqZQ38:1ua936:RIJ_p0s_mii1jws-W2z1L-uSF2t9AFJ6TYNI_7jMlog	2025-07-25 15:24:04.494224+07
\.


--
-- TOC entry 5124 (class 0 OID 17372)
-- Dependencies: 249
-- Data for Name: django_site; Type: TABLE DATA; Schema: public; Owner: postgres
--

COPY public.django_site (id, domain, name) FROM stdin;
1	example.com	example.com
\.


--
-- TOC entry 5115 (class 0 OID 17294)
-- Dependencies: 240
-- Data for Name: posts_post; Type: TABLE DATA; Schema: public; Owner: postgres
--

COPY public.posts_post (id, title, content, created_at, updated_at, author_id, status) FROM stdin;
1	My First API Post	This is test post for backend.	2025-07-05 21:38:10.26942+07	2025-07-05 21:38:10.269428+07	2	PB
4	My First API Post	This is test post for backend.	2025-07-05 21:42:25.850762+07	2025-07-05 21:42:25.85077+07	2	PB
5	My First API Post	This is test post for backend.	2025-07-05 21:44:37.806844+07	2025-07-05 21:44:37.806854+07	2	PB
6	My First API Post	This is test post for backend.	2025-07-05 21:46:24.445973+07	2025-07-05 21:46:24.445984+07	2	PB
7	My First API Post	This is test post for backend.	2025-07-05 21:46:48.260947+07	2025-07-05 21:46:48.260956+07	2	PB
9	Second API Post updated	Roadmap of Full Stack development Learn coding Frontend development, web development, HTML, CSS, JavaScript, React	2025-07-05 21:53:47.096717+07	2025-07-05 21:56:12.913318+07	2	PB
10	Second API Post	Roadmap of Full Stack development Learn coding Frontend development, web development, HTML, CSS, JavaScript, React	2025-07-06 00:59:42.511127+07	2025-07-06 00:59:42.511139+07	1	PB
11	Third API Post	# Markdown syntax guide ## Headers # This is a Heading h1 ## This is a Heading h2 ###### This is a Heading h6 ## Emphasis	2025-07-06 01:14:14.40414+07	2025-07-06 01:14:14.404156+07	1	PB
32	Hello Im new to this app	Can you guys help me? This app is kinda new to me so...\n\nThanks u	2025-07-11 15:25:10.963838+07	2025-07-11 15:33:37.066117+07	5	PB
33	hello	I don't know what to say	2025-07-11 15:37:32.159066+07	2025-07-11 15:37:32.15913+07	5	DR
13	Hello guyss	Hi everyone. my name is Minh. nice to meet you all	2025-07-08 22:42:07.436435+07	2025-07-09 23:08:14.28335+07	1	PB
12	Third API Post	# 🌟 Giới thiệu về DevShare Lite\n\n**DevShare Lite** là một nền tảng chia sẻ kiến thức lập trình dành cho cộng đồng sinh viên và lập trình viên trẻ.\n\n## 🎯 Mục tiêu\n- ✅ Chia sẻ bài viết chất lượng\n- 💬 Giao lưu học hỏi lẫn nhau\n- 🧠 Tạo động lực phát triển bản thân\n\n## 📌 Tính năng nổi bật\n1. **Đăng bài viết** với hỗ trợ _Markdown_\n2. **Bình luận và tương tác** với cộng đồng\n3. **Tìm kiếm thông minh** theo từ khóa\n\n> *“Học tập là con đường ngắn nhất để trưởng thành.”* – DevShare Team\n\n---\n\nBạn có thể bắt đầu bằng cách đăng ký tài khoản [tại đây](http://localhost:3000/signup).  \nChúc bạn học vui! 🚀	2025-07-06 01:16:30.314588+07	2025-07-09 23:14:23.029941+07	1	PB
21	Hii	my friendddd	2025-07-10 21:35:48.836327+07	2025-07-10 21:46:27.714214+07	4	PB
19	hello	hiiiiiiii\n\nmoi nguoi khoe khong	2025-07-10 20:53:40.391885+07	2025-07-10 22:08:52.189073+07	4	PB
25	Đề N2 T12-2021 Mark - N2 test in December, 2021	Mức độ N2\nNhận xét: Đề nghe khá khó	2025-07-10 22:09:19.58488+07	2025-07-10 22:19:00.376788+07	4	PB
24	Hello	Hiiiiii	2025-07-10 21:54:25.985722+07	2025-07-10 22:53:00.445165+07	4	PB
26	My Godd	Hmmm don't know what to write	2025-07-10 22:54:53.824206+07	2025-07-10 22:56:25.789192+07	4	PB
29	hmmmm	hmmmmmmmmmmmmmm\n\nhelloo	2025-07-10 22:57:51.623931+07	2025-07-10 23:32:32.29504+07	4	PB
31	hmmmmmm	hmmmmmmm	2025-07-10 22:59:00.479676+07	2025-07-10 23:32:48.599014+07	4	PB
\.


--
-- TOC entry 5121 (class 0 OID 17342)
-- Dependencies: 246
-- Data for Name: posts_post_tags; Type: TABLE DATA; Schema: public; Owner: postgres
--

COPY public.posts_post_tags (id, post_id, tag_id) FROM stdin;
1	1	1
2	1	2
3	1	3
8	4	1
9	5	1
10	6	1
11	9	4
12	9	5
13	9	6
14	10	4
15	10	5
16	11	4
17	11	5
18	12	4
19	12	5
25	19	9
27	32	7
\.


--
-- TOC entry 5117 (class 0 OID 17302)
-- Dependencies: 242
-- Data for Name: posts_tag; Type: TABLE DATA; Schema: public; Owner: postgres
--

COPY public.posts_tag (id, name) FROM stdin;
1	testing
2	django
3	api
4	#webdev
5	#frontenddev
6	#fullstackdev
7	beginner-support
8	be
9	beginner
10	a
\.


--
-- TOC entry 5126 (class 0 OID 17381)
-- Dependencies: 251
-- Data for Name: socialaccount_socialaccount; Type: TABLE DATA; Schema: public; Owner: postgres
--

COPY public.socialaccount_socialaccount (id, provider, uid, last_login, date_joined, extra_data, user_id) FROM stdin;
\.


--
-- TOC entry 5128 (class 0 OID 17389)
-- Dependencies: 253
-- Data for Name: socialaccount_socialapp; Type: TABLE DATA; Schema: public; Owner: postgres
--

COPY public.socialaccount_socialapp (id, provider, name, client_id, secret, key, provider_id, settings) FROM stdin;
\.


--
-- TOC entry 5130 (class 0 OID 17395)
-- Dependencies: 255
-- Data for Name: socialaccount_socialapp_sites; Type: TABLE DATA; Schema: public; Owner: postgres
--

COPY public.socialaccount_socialapp_sites (id, socialapp_id, site_id) FROM stdin;
\.


--
-- TOC entry 5132 (class 0 OID 17401)
-- Dependencies: 257
-- Data for Name: socialaccount_socialtoken; Type: TABLE DATA; Schema: public; Owner: postgres
--

COPY public.socialaccount_socialtoken (id, token, token_secret, expires_at, account_id, app_id) FROM stdin;
\.


--
-- TOC entry 5134 (class 0 OID 17465)
-- Dependencies: 259
-- Data for Name: token_blacklist_blacklistedtoken; Type: TABLE DATA; Schema: public; Owner: postgres
--

COPY public.token_blacklist_blacklistedtoken (id, blacklisted_at, token_id) FROM stdin;
1	2025-07-01 19:41:17.212706+07	1
2	2025-07-03 23:38:43.964169+07	2
3	2025-07-03 23:39:13.655524+07	3
4	2025-07-05 01:34:07.475718+07	4
5	2025-07-06 01:17:04.065378+07	9
6	2025-07-08 22:47:31.02635+07	13
7	2025-07-08 23:57:45.295486+07	17
8	2025-07-09 00:25:24.268381+07	18
9	2025-07-09 00:34:45.433025+07	23
10	2025-07-09 00:41:56.381428+07	24
11	2025-07-09 00:42:24.675951+07	25
12	2025-07-09 00:43:00.062588+07	26
13	2025-07-09 23:07:31.496816+07	28
14	2025-07-09 23:14:25.849374+07	30
15	2025-07-10 20:50:31.975999+07	31
16	2025-07-10 21:53:19.695822+07	32
17	2025-07-10 22:54:24.76624+07	33
18	2025-07-10 23:33:52.820863+07	34
19	2025-07-11 14:56:06.254811+07	35
20	2025-07-11 15:22:00.420212+07	36
21	2025-07-11 15:37:46.461874+07	37
\.


--
-- TOC entry 5136 (class 0 OID 17471)
-- Dependencies: 261
-- Data for Name: token_blacklist_outstandingtoken; Type: TABLE DATA; Schema: public; Owner: postgres
--

COPY public.token_blacklist_outstandingtoken (id, token, created_at, expires_at, user_id, jti) FROM stdin;
1	eyJhbGciOiJIUzI1NiIsInR5cCI6IkpXVCJ9.eyJ0b2tlbl90eXBlIjoicmVmcmVzaCIsImV4cCI6MTc1MTk3NzY3MSwiaWF0IjoxNzUxMzcyODcxLCJqdGkiOiIzM2ZlNjI5M2JiODk0NzdjYTg1OGEzMGE4YTI3ZGZkMSIsInVzZXJfaWQiOjF9.Otf7MrLvcsHOupCEwqHorI6fdgKFg9Xtac4YXuTorf4	2025-07-01 19:41:17.153161+07	2025-07-08 19:27:51+07	1	33fe6293bb89477ca858a30a8a27dfd1
2	eyJhbGciOiJIUzI1NiIsInR5cCI6IkpXVCJ9.eyJ0b2tlbl90eXBlIjoicmVmcmVzaCIsImV4cCI6MTc1MjE2NTUwNSwiaWF0IjoxNzUxNTYwNzA1LCJqdGkiOiI4ZWM4NzU1MTQ1ZDM0ZjljYmZiMDc3ZjAwMTZjNmEzZSIsInVzZXJfaWQiOjF9.gLbxbO6JQitakP5EKUEJQXjU2NC072obIbSeKJ6Jnw8	2025-07-03 23:38:25.190416+07	2025-07-10 23:38:25+07	1	8ec8755145d34f9cbfb077f0016c6a3e
3	eyJhbGciOiJIUzI1NiIsInR5cCI6IkpXVCJ9.eyJ0b2tlbl90eXBlIjoicmVmcmVzaCIsImV4cCI6MTc1MjE2NTUzNywiaWF0IjoxNzUxNTYwNzM3LCJqdGkiOiI4ZjYyNGEwNGI2MTU0MjhiOWJjOTE1NTI0ZGFhNGY5MCIsInVzZXJfaWQiOjF9.ZeKtZine1ZJKBySys29ZlZBUGAp8qpDoScfEyY15WIU	2025-07-03 23:38:57.651539+07	2025-07-10 23:38:57+07	1	8f624a04b615428b9bc915524daa4f90
4	eyJhbGciOiJIUzI1NiIsInR5cCI6IkpXVCJ9.eyJ0b2tlbl90eXBlIjoicmVmcmVzaCIsImV4cCI6MTc1MjI1ODc4NywiaWF0IjoxNzUxNjUzOTg3LCJqdGkiOiIzNDYzYmFmNGYzOWQ0OTAyYjA4NTVjNTkzNGZkYTE5NiIsInVzZXJfaWQiOjF9.sqY5Z1Pym7ZOzQC65R7Tz-ruy2eEzX2V8diWOWkNK10	2025-07-05 01:33:07.638777+07	2025-07-12 01:33:07+07	1	3463baf4f39d4902b0855c5934fda196
5	eyJhbGciOiJIUzI1NiIsInR5cCI6IkpXVCJ9.eyJ0b2tlbl90eXBlIjoicmVmcmVzaCIsImV4cCI6MTc1MjI1OTg0OSwiaWF0IjoxNzUxNjU1MDQ5LCJqdGkiOiIxOGRjMGViM2NlN2Q0YTczYWYzNmQ2MDYzNmUyNTJlOCIsInVzZXJfaWQiOjF9.GuJpJBGdjdk-lxipXydxqnLKU20PpXEXT6h0FUMDsNs	2025-07-05 01:50:49.517305+07	2025-07-12 01:50:49+07	1	18dc0eb3ce7d4a73af36d60636e252e8
6	eyJhbGciOiJIUzI1NiIsInR5cCI6IkpXVCJ9.eyJ0b2tlbl90eXBlIjoicmVmcmVzaCIsImV4cCI6MTc1MjMyNjk1OCwiaWF0IjoxNzUxNzIyMTU4LCJqdGkiOiIyMDJkYzhlZWIxZjk0MTEwODVjOGY1YTMyNzRkYzA5OCIsInVzZXJfaWQiOjJ9.uAUm3i31FiioUa0daaiElPSdebQYqHySjSgX56pXqIw	2025-07-05 20:29:18.327485+07	2025-07-12 20:29:18+07	2	202dc8eeb1f9411085c8f5a3274dc098
7	eyJhbGciOiJIUzI1NiIsInR5cCI6IkpXVCJ9.eyJ0b2tlbl90eXBlIjoicmVmcmVzaCIsImV4cCI6MTc1MjMyNzEyOCwiaWF0IjoxNzUxNzIyMzI4LCJqdGkiOiI1YWY3M2YxN2JjYzY0N2VkOTRmZDQzZjE3OTI5MjNlOSIsInVzZXJfaWQiOjJ9.mX7RDdmOBZManD7U3CoUN7zvQLQobOkeWMC4XknIKzU	2025-07-05 20:32:08.033601+07	2025-07-12 20:32:08+07	2	5af73f17bcc647ed94fd43f1792923e9
8	eyJhbGciOiJIUzI1NiIsInR5cCI6IkpXVCJ9.eyJ0b2tlbl90eXBlIjoicmVmcmVzaCIsImV4cCI6MTc1MjMyNzM2OSwiaWF0IjoxNzUxNzIyNTY5LCJqdGkiOiJiNjRiNzgyY2FhYTk0YzM1YjQyZDBhYzJiMGFlYTA4YyIsInVzZXJfaWQiOjJ9.trLrL8tWoPINg5Skc5APYTaTRyVkJaOpQ4fMHSEskD4	2025-07-05 20:36:09.836954+07	2025-07-12 20:36:09+07	2	b64b782caaa94c35b42d0ac2b0aea08c
9	eyJhbGciOiJIUzI1NiIsInR5cCI6IkpXVCJ9.eyJ0b2tlbl90eXBlIjoicmVmcmVzaCIsImV4cCI6MTc1MjMyODA1NSwiaWF0IjoxNzUxNzIzMjU1LCJqdGkiOiJhMDJhMTBjYmEyYTE0YjA2OWExM2UzMzU0ZjBjY2I3OSIsInVzZXJfaWQiOjN9.kJMtHi3vxXOT0OouoJtFYlbOMIo_bHiPhoJ1WP4eQrc	2025-07-05 20:47:35.917874+07	2025-07-12 20:47:35+07	3	a02a10cba2a14b069a13e3354f0ccb79
10	eyJhbGciOiJIUzI1NiIsInR5cCI6IkpXVCJ9.eyJ0b2tlbl90eXBlIjoicmVmcmVzaCIsImV4cCI6MTc1MjMzMDk5NSwiaWF0IjoxNzUxNzI2MTk1LCJqdGkiOiIzNzFiOWM0MjEzMTY0MDM5OGY0NmUwMGVlYWJiYWY5YSIsInVzZXJfaWQiOjJ9.4WpLQQ4BH6rAdlbYoqFHpk5XnR5Vd4XHyJk3Adyc9mY	2025-07-05 21:36:35.207913+07	2025-07-12 21:36:35+07	2	371b9c42131640398f46e00eeabbaf9a
11	eyJhbGciOiJIUzI1NiIsInR5cCI6IkpXVCJ9.eyJ0b2tlbl90eXBlIjoicmVmcmVzaCIsImV4cCI6MTc1MjMzMjI1OCwiaWF0IjoxNzUxNzI3NDU4LCJqdGkiOiIzY2ZhY2YyMTNkMjk0OWM5YjQ3Y2ZkYzJkYzdmYzFiNyIsInVzZXJfaWQiOjF9.bwf1S9wMlkVPO-VTOQJ_y0L5KCVdHpkHWFo5q3oHdD4	2025-07-05 21:57:38.508866+07	2025-07-12 21:57:38+07	1	3cfacf213d2949c9b47cfdc2dc7fc1b7
12	eyJhbGciOiJIUzI1NiIsInR5cCI6IkpXVCJ9.eyJ0b2tlbl90eXBlIjoicmVmcmVzaCIsImV4cCI6MTc1MjM0MzE0OSwiaWF0IjoxNzUxNzM4MzQ5LCJqdGkiOiI3ODg4MzgzMjUzNjI0MTNiYTg0YWM5NjE1YzM2OGY3YiIsInVzZXJfaWQiOjF9.m2cOigGFtYyrAqbTpwYi7pXaBCIspyuJM3bO4e_5g8E	2025-07-06 00:59:09.54159+07	2025-07-13 00:59:09+07	1	788838325362413ba84ac9615c368f7b
13	eyJhbGciOiJIUzI1NiIsInR5cCI6IkpXVCJ9.eyJ0b2tlbl90eXBlIjoicmVmcmVzaCIsImV4cCI6MTc1MjU1NDMxNywiaWF0IjoxNzUxOTQ5NTE3LCJqdGkiOiJhZDRmMjBhMDhlOGI0ZjIzYjU0YmNiZjcwNjZkZjVlNSIsInVzZXJfaWQiOjF9.m42nMg4ZwUbTkVYTvlN83AnOHt_C1CBggarPM_Y_kUk	2025-07-08 11:38:37.309211+07	2025-07-15 11:38:37+07	1	ad4f20a08e8b4f23b54bcbf7066df5e5
14	eyJhbGciOiJIUzI1NiIsInR5cCI6IkpXVCJ9.eyJ0b2tlbl90eXBlIjoicmVmcmVzaCIsImV4cCI6MTc1MjU1NDQ0MCwiaWF0IjoxNzUxOTQ5NjQwLCJqdGkiOiIyMWRjMzI2YzM4Zjc0YmIwOTgzYTRmMDhkYjg3ODYxYiIsInVzZXJfaWQiOjF9.Rhhwsbzj34TtMARorIRMj5RsbEc19eFHWAFhJF3aTe0	2025-07-08 11:40:40.581746+07	2025-07-15 11:40:40+07	1	21dc326c38f74bb0983a4f08db87861b
15	eyJhbGciOiJIUzI1NiIsInR5cCI6IkpXVCJ9.eyJ0b2tlbl90eXBlIjoicmVmcmVzaCIsImV4cCI6MTc1MjU2MDg3NCwiaWF0IjoxNzUxOTU2MDc0LCJqdGkiOiJmODU4NDJiMDM1YmQ0Yjg1YTM0ZWI0MzBkZDllOTdiMCIsInVzZXJfaWQiOjF9.3WFu9eGTvstbugq12zeH67IDQkKClLBVbyAXvdkwV28	2025-07-08 13:27:54.156731+07	2025-07-15 13:27:54+07	1	f85842b035bd4b85a34eb430dd9e97b0
16	eyJhbGciOiJIUzI1NiIsInR5cCI6IkpXVCJ9.eyJ0b2tlbl90eXBlIjoicmVmcmVzaCIsImV4cCI6MTc1MjU5NDA4OCwiaWF0IjoxNzUxOTg5Mjg4LCJqdGkiOiIxNTVjNDE2N2MwMTQ0OTBhYTkwMmQxMGI0ZDE1OWFlYiIsInVzZXJfaWQiOjF9.fxrqKM1IgArqaAUkBXUENo-MXm3wXiDPQc6ft_Xe6_k	2025-07-08 22:41:28.527507+07	2025-07-15 22:41:28+07	1	155c4167c014490aa902d10b4d159aeb
17	eyJhbGciOiJIUzI1NiIsInR5cCI6IkpXVCJ9.eyJ0b2tlbl90eXBlIjoicmVmcmVzaCIsImV4cCI6MTc1MjU5NDQ3NCwiaWF0IjoxNzUxOTg5Njc0LCJqdGkiOiI5MmQ3OWZhM2UyYzY0ODk3YjM4MzNjZThjOTVlOTg1OCIsInVzZXJfaWQiOjN9.G0N92zznqfN8hqrApUKhDTSBq-SFF8kVnAFQewKpv0g	2025-07-08 22:47:54.316591+07	2025-07-15 22:47:54+07	3	92d79fa3e2c64897b3833ce8c95e9858
18	eyJhbGciOiJIUzI1NiIsInR5cCI6IkpXVCJ9.eyJ0b2tlbl90eXBlIjoicmVmcmVzaCIsImV4cCI6MTc1MjU5ODkyNSwiaWF0IjoxNzUxOTk0MTI1LCJqdGkiOiJjOWJiNjc1ZTY4Nzk0ZjZmODFjOTQxNjI3ZjRkMTMwMCIsInVzZXJfaWQiOjF9.TD7nACU_ntUTmiHdMVG2S9YQWzhn2m8rBrlFTU5eCYI	2025-07-09 00:02:05.969054+07	2025-07-16 00:02:05+07	1	c9bb675e68794f6f81c941627f4d1300
19	eyJhbGciOiJIUzI1NiIsInR5cCI6IkpXVCJ9.eyJ0b2tlbl90eXBlIjoicmVmcmVzaCIsImV4cCI6MTc1MjU5OTc4MywiaWF0IjoxNzUxOTk0OTgzLCJqdGkiOiI2YWNkYmE5Yjg2OGM0MTcyODc3M2JmOWRiZWNmMTIyYSIsInVzZXJfaWQiOjN9.-ya0UPv8GKtr_s5tsuRZSsyaxvJfB0AWZt5T5wkzBCU	2025-07-09 00:16:23.701177+07	2025-07-16 00:16:23+07	3	6acdba9b868c41728773bf9dbecf122a
20	eyJhbGciOiJIUzI1NiIsInR5cCI6IkpXVCJ9.eyJ0b2tlbl90eXBlIjoicmVmcmVzaCIsImV4cCI6MTc1MjYwMDIwNCwiaWF0IjoxNzUxOTk1NDA0LCJqdGkiOiJmMmYyZjFlMzQyZTU0NmMzOTJmZDcxYjc2N2E0NGRiYiIsInVzZXJfaWQiOjN9.oynsYmg36iNSiXp3BTKVvoEEjkAERSDG47Qm67vKc7Q	2025-07-09 00:23:24.74206+07	2025-07-16 00:23:24+07	3	f2f2f1e342e546c392fd71b767a44dbb
21	eyJhbGciOiJIUzI1NiIsInR5cCI6IkpXVCJ9.eyJ0b2tlbl90eXBlIjoicmVmcmVzaCIsImV4cCI6MTc1MjYwMDI5NSwiaWF0IjoxNzUxOTk1NDk1LCJqdGkiOiJiZmQ3M2E1Y2JkNjQ0ZTg5OWNiYzJmNzA2ZjBmMWM2OSIsInVzZXJfaWQiOjN9.L-_MW84YbF4D5m8RYSM_waH0tyH01aJCxvi_CGAawVY	2025-07-09 00:24:55.764535+07	2025-07-16 00:24:55+07	3	bfd73a5cbd644e899cbc2f706f0f1c69
22	eyJhbGciOiJIUzI1NiIsInR5cCI6IkpXVCJ9.eyJ0b2tlbl90eXBlIjoicmVmcmVzaCIsImV4cCI6MTc1MjYwMDM5MSwiaWF0IjoxNzUxOTk1NTkxLCJqdGkiOiIzYzM0MWE5ODhhYWU0NjE3YTY1OWI1ZjQ1OWU0YWQ5ZiIsInVzZXJfaWQiOjN9.614nKjJ3BZ4CyMOQo-XNYyHRQZ4prRqQDLzxHcYAic4	2025-07-09 00:26:31.831248+07	2025-07-16 00:26:31+07	3	3c341a988aae4617a659b5f459e4ad9f
23	eyJhbGciOiJIUzI1NiIsInR5cCI6IkpXVCJ9.eyJ0b2tlbl90eXBlIjoicmVmcmVzaCIsImV4cCI6MTc1MjYwMDQxMiwiaWF0IjoxNzUxOTk1NjEyLCJqdGkiOiI4NDAzY2ZiZmVjYTk0MmEzYmNjMzBjZjFiODVjODc1OSIsInVzZXJfaWQiOjF9.pbSTWeVDODRnkn2HTVJtdIlv9tubS0_XyB5Y_DqEBn8	2025-07-09 00:26:52.496937+07	2025-07-16 00:26:52+07	1	8403cfbfeca942a3bcc30cf1b85c8759
24	eyJhbGciOiJIUzI1NiIsInR5cCI6IkpXVCJ9.eyJ0b2tlbl90eXBlIjoicmVmcmVzaCIsImV4cCI6MTc1MjYwMDg5OSwiaWF0IjoxNzUxOTk2MDk5LCJqdGkiOiJkZmM1NDRjMjkzMzQ0NWFhYjgwMTdmMjFmMjVkOWU0YyIsInVzZXJfaWQiOjJ9.TNG7afKXFO6_lzT4LZWxyOmNTHG46Q0p0YoNJiW8SXE	2025-07-09 00:34:59.449195+07	2025-07-16 00:34:59+07	2	dfc544c2933445aab8017f21f25d9e4c
25	eyJhbGciOiJIUzI1NiIsInR5cCI6IkpXVCJ9.eyJ0b2tlbl90eXBlIjoicmVmcmVzaCIsImV4cCI6MTc1MjYwMTMyNSwiaWF0IjoxNzUxOTk2NTI1LCJqdGkiOiIwOWZjNjM1NjVhMDM0ZGU5YjhkODc2YzA1ODIzZmM4NyIsInVzZXJfaWQiOjF9.EJaKlyZCzESQMQ-J1hvt284-UyAS_zJhesXed3OOzRc	2025-07-09 00:42:05.91695+07	2025-07-16 00:42:05+07	1	09fc63565a034de9b8d876c05823fc87
26	eyJhbGciOiJIUzI1NiIsInR5cCI6IkpXVCJ9.eyJ0b2tlbl90eXBlIjoicmVmcmVzaCIsImV4cCI6MTc1MjYwMTM1NywiaWF0IjoxNzUxOTk2NTU3LCJqdGkiOiIzMGNjMjU4ZTE1ZTA0YWUyOGI3NTdhMGU1YmQ5NTFiMSIsInVzZXJfaWQiOjN9.psX5CPixKFhwnoc80oDcI53PqRX9ScL9eXoD-KLT5Ek	2025-07-09 00:42:37.568299+07	2025-07-16 00:42:37+07	3	30cc258e15e04ae28b757a0e5bd951b1
27	eyJhbGciOiJIUzI1NiIsInR5cCI6IkpXVCJ9.eyJ0b2tlbl90eXBlIjoicmVmcmVzaCIsImV4cCI6MTc1MjY2NjU1MiwiaWF0IjoxNzUyMDYxNzUyLCJqdGkiOiIwOGE3MWI2ZGExM2U0MDU5YjAyMzJiN2ZkMjFmY2FjMSIsInVzZXJfaWQiOjN9.7iQDGi5LqaTIc9SKbIGzl6_MQzGR7h65nbQSulbFIzM	2025-07-09 18:49:12.989244+07	2025-07-16 18:49:12+07	3	08a71b6da13e4059b0232b7fd21fcac1
28	eyJhbGciOiJIUzI1NiIsInR5cCI6IkpXVCJ9.eyJ0b2tlbl90eXBlIjoicmVmcmVzaCIsImV4cCI6MTc1MjY3MTE1NiwiaWF0IjoxNzUyMDY2MzU2LCJqdGkiOiJkY2ZlMjI5YTJlMmM0ZDdjYjAwNmZlOWE1MjUyZmIyZSIsInVzZXJfaWQiOjF9.ZIlRThCUZR1Ckjj9uA-cpRBQVmAxmr35oKCKy4-7Lxw	2025-07-09 20:05:56.765823+07	2025-07-16 20:05:56+07	1	dcfe229a2e2c4d7cb006fe9a5252fb2e
29	eyJhbGciOiJIUzI1NiIsInR5cCI6IkpXVCJ9.eyJ0b2tlbl90eXBlIjoicmVmcmVzaCIsImV4cCI6MTc1MjY4MTI1MywiaWF0IjoxNzUyMDc2NDUzLCJqdGkiOiIwM2JlOWYwMDA2NTU0MTQ3OTFhY2FlYjZhYzU5MzA1OCIsInVzZXJfaWQiOjN9.HbpuVgyiIeYV8okgZLHJeu-mlQJLVu7Y3Yao9m6SVMo	2025-07-09 22:54:13.583012+07	2025-07-16 22:54:13+07	3	03be9f000655414791acaeb6ac593058
30	eyJhbGciOiJIUzI1NiIsInR5cCI6IkpXVCJ9.eyJ0b2tlbl90eXBlIjoicmVmcmVzaCIsImV4cCI6MTc1MjY4MjA3MiwiaWF0IjoxNzUyMDc3MjcyLCJqdGkiOiIyNTY2OTM1ODljMTg0NjhjOGFiNmFjMDFiMmE5Y2E1MyIsInVzZXJfaWQiOjF9.tpHw7kWjhwf02bsoVY7WkbbOQFqqse9nK-zygT5xhNs	2025-07-09 23:07:52.180287+07	2025-07-16 23:07:52+07	1	256693589c18468c8ab6ac01b2a9ca53
31	eyJhbGciOiJIUzI1NiIsInR5cCI6IkpXVCJ9.eyJ0b2tlbl90eXBlIjoicmVmcmVzaCIsImV4cCI6MTc1MjY4MjQ5NSwiaWF0IjoxNzUyMDc3Njk1LCJqdGkiOiI3Y2M1YzJmMTQxZDg0MmE4YmQyZWJhNzNmZGM1NmQyYyIsInVzZXJfaWQiOjR9.q8abaqTHTrzaEKtcV1-2EkXVJJsvUasc5U-T1c6ujsU	2025-07-09 23:14:55.9585+07	2025-07-16 23:14:55+07	4	7cc5c2f141d842a8bd2eba73fdc56d2c
32	eyJhbGciOiJIUzI1NiIsInR5cCI6IkpXVCJ9.eyJ0b2tlbl90eXBlIjoicmVmcmVzaCIsImV4cCI6MTc1Mjc2MDI0MCwiaWF0IjoxNzUyMTU1NDQwLCJqdGkiOiI2YmM5ODU5NjgxZGI0NTRjODMwMjMxOWM4Y2U1ODc3MyIsInVzZXJfaWQiOjR9.Obve2mIsI2XSOz8lKekkmjK4fE9fsSVK6m5zj_s6i4w	2025-07-10 20:50:40.965164+07	2025-07-17 20:50:40+07	4	6bc9859681db454c8302319c8ce58773
33	eyJhbGciOiJIUzI1NiIsInR5cCI6IkpXVCJ9.eyJ0b2tlbl90eXBlIjoicmVmcmVzaCIsImV4cCI6MTc1Mjc2NDAxMiwiaWF0IjoxNzUyMTU5MjEyLCJqdGkiOiI3YmRiMmEwNmU3ZTk0YTJhYTk5OTIyYTQ5OWZkYzA3NyIsInVzZXJfaWQiOjR9.rMqbhYjSB-SERnQJ6Jx_Rsjub0M1J5x_4e17ZKBE31o	2025-07-10 21:53:32.880678+07	2025-07-17 21:53:32+07	4	7bdb2a06e7e94a2aa99922a499fdc077
34	eyJhbGciOiJIUzI1NiIsInR5cCI6IkpXVCJ9.eyJ0b2tlbl90eXBlIjoicmVmcmVzaCIsImV4cCI6MTc1Mjc2NzY3NCwiaWF0IjoxNzUyMTYyODc0LCJqdGkiOiI2ZGM5YzgwMzhiZDc0MDNkOGVjYWQ0OTliYTI3OWIzNCIsInVzZXJfaWQiOjR9.ybAzp7USl_GgQyIelRTMiKp173RsguqlYWfwKQbYQSY	2025-07-10 22:54:34.402604+07	2025-07-17 22:54:34+07	4	6dc9c8038bd7403d8ecad499ba279b34
35	eyJhbGciOiJIUzI1NiIsInR5cCI6IkpXVCJ9.eyJ0b2tlbl90eXBlIjoicmVmcmVzaCIsImV4cCI6MTc1Mjc3MDA1MywiaWF0IjoxNzUyMTY1MjUzLCJqdGkiOiI4ZTAyNzU2NTA1ZGE0MzJhOWJjZjFjYWM2ZDU3Nzg2NCIsInVzZXJfaWQiOjF9.ZF8Xrvu_F43wiSQ7yXRXzTNoknlnrEBJ3x7-pW-C6hM	2025-07-10 23:34:13.972614+07	2025-07-17 23:34:13+07	1	8e02756505da432a9bcf1cac6d577864
36	eyJhbGciOiJIUzI1NiIsInR5cCI6IkpXVCJ9.eyJ0b2tlbl90eXBlIjoicmVmcmVzaCIsImV4cCI6MTc1MjgyNTM3OCwiaWF0IjoxNzUyMjIwNTc4LCJqdGkiOiI2YzE1ZjBlNzE5ZjU0NzJlYjA0MjQ4MzFlYWVhMWY2NyIsInVzZXJfaWQiOjR9.g_quO9WWWmAHLdZhO07r7koYT6FAMChkjRE7akw5-4M	2025-07-11 14:56:18.506654+07	2025-07-18 14:56:18+07	4	6c15f0e719f5472eb0424831eaea1f67
37	eyJhbGciOiJIUzI1NiIsInR5cCI6IkpXVCJ9.eyJ0b2tlbl90eXBlIjoicmVmcmVzaCIsImV4cCI6MTc1MjgyNzA0NCwiaWF0IjoxNzUyMjIyMjQ0LCJqdGkiOiI3YTZjMGRiMmE4NzU0ZTkyOGM5ZjVmMzBlMmQ3YjYxMiIsInVzZXJfaWQiOjV9.iTl3e0WuGJP-Mazh27NKxavuL33CjDuZJkfZo1zzwnU	2025-07-11 15:24:04.432105+07	2025-07-18 15:24:04+07	5	7a6c0db2a8754e928c9f5f30e2d7b612
\.


--
-- TOC entry 5103 (class 0 OID 17179)
-- Dependencies: 228
-- Data for Name: users_user; Type: TABLE DATA; Schema: public; Owner: postgres
--

COPY public.users_user (id, password, last_login, is_superuser, first_name, last_name, is_staff, is_active, date_joined, username, email, bio, profile_image) FROM stdin;
1	pbkdf2_sha256$1000000$pLq0g8yLycdKvYIOmnrrS2$BJ3PKwm4oftOmKlkLXhGHBy3qBFspyUFYUR1HCv1jIg=	2025-07-01 19:25:57.211464+07	f			f	t	2025-07-01 19:25:56.765654+07	test1	test@gmail.com		
2	pbkdf2_sha256$1000000$hf4Tzv3BCpiI9XXzS6yA5a$ii6RJOabD+JX7Jy0bRGLlhz51XCiTJ6ZD7Icd8L2Klo=	2025-07-05 20:29:18.417645+07	f			f	t	2025-07-05 20:29:17.710109+07	test3	test3@gmail.com		
3	pbkdf2_sha256$1000000$zIz66tcgSvUOIgJw326DQb$m41Xz2QaJ1KaWi/NRHW+o0uPGRNenc18JmcWWsXdK2U=	2025-07-05 20:47:36.001789+07	f			f	t	2025-07-05 20:47:35.323679+07	test4	test4@example.com		
4	pbkdf2_sha256$1000000$wprzCjXqoNiGjKrHYo1Gni$Cj9T4qzI/kgTUn9l1jF4eMWjZUoO7Ha7xTFHMM6OElc=	2025-07-09 23:14:56.072961+07	f			f	t	2025-07-09 23:14:55.362514+07	MinhLee	minh@example.com	hello mannn	
5	pbkdf2_sha256$1000000$Z3fcpVjkUh9STjmFzfbyNH$/n4xds9FConO6Z7EaJ9foCtU2ckKcKCMnAxYIKCMkpw=	2025-07-11 15:24:04.487937+07	f			f	t	2025-07-11 15:24:03.790643+07	namiya	namiya@example.com	hello i from japan	
\.


--
-- TOC entry 5105 (class 0 OID 17191)
-- Dependencies: 230
-- Data for Name: users_user_groups; Type: TABLE DATA; Schema: public; Owner: postgres
--

COPY public.users_user_groups (id, user_id, group_id) FROM stdin;
\.


--
-- TOC entry 5107 (class 0 OID 17197)
-- Dependencies: 232
-- Data for Name: users_user_user_permissions; Type: TABLE DATA; Schema: public; Owner: postgres
--

COPY public.users_user_user_permissions (id, user_id, permission_id) FROM stdin;
\.


--
-- TOC entry 5142 (class 0 OID 0)
-- Dependencies: 233
-- Name: account_emailaddress_id_seq; Type: SEQUENCE SET; Schema: public; Owner: postgres
--

SELECT pg_catalog.setval('public.account_emailaddress_id_seq', 5, true);


--
-- TOC entry 5143 (class 0 OID 0)
-- Dependencies: 235
-- Name: account_emailconfirmation_id_seq; Type: SEQUENCE SET; Schema: public; Owner: postgres
--

SELECT pg_catalog.setval('public.account_emailconfirmation_id_seq', 1, false);


--
-- TOC entry 5144 (class 0 OID 0)
-- Dependencies: 223
-- Name: auth_group_id_seq; Type: SEQUENCE SET; Schema: public; Owner: postgres
--

SELECT pg_catalog.setval('public.auth_group_id_seq', 1, false);


--
-- TOC entry 5145 (class 0 OID 0)
-- Dependencies: 225
-- Name: auth_group_permissions_id_seq; Type: SEQUENCE SET; Schema: public; Owner: postgres
--

SELECT pg_catalog.setval('public.auth_group_permissions_id_seq', 1, false);


--
-- TOC entry 5146 (class 0 OID 0)
-- Dependencies: 221
-- Name: auth_permission_id_seq; Type: SEQUENCE SET; Schema: public; Owner: postgres
--

SELECT pg_catalog.setval('public.auth_permission_id_seq', 68, true);


--
-- TOC entry 5147 (class 0 OID 0)
-- Dependencies: 243
-- Name: comments_comment_id_seq; Type: SEQUENCE SET; Schema: public; Owner: postgres
--

SELECT pg_catalog.setval('public.comments_comment_id_seq', 11, true);


--
-- TOC entry 5148 (class 0 OID 0)
-- Dependencies: 237
-- Name: django_admin_log_id_seq; Type: SEQUENCE SET; Schema: public; Owner: postgres
--

SELECT pg_catalog.setval('public.django_admin_log_id_seq', 1, false);


--
-- TOC entry 5149 (class 0 OID 0)
-- Dependencies: 219
-- Name: django_content_type_id_seq; Type: SEQUENCE SET; Schema: public; Owner: postgres
--

SELECT pg_catalog.setval('public.django_content_type_id_seq', 17, true);


--
-- TOC entry 5150 (class 0 OID 0)
-- Dependencies: 217
-- Name: django_migrations_id_seq; Type: SEQUENCE SET; Schema: public; Owner: postgres
--

SELECT pg_catalog.setval('public.django_migrations_id_seq', 53, true);


--
-- TOC entry 5151 (class 0 OID 0)
-- Dependencies: 248
-- Name: django_site_id_seq; Type: SEQUENCE SET; Schema: public; Owner: postgres
--

SELECT pg_catalog.setval('public.django_site_id_seq', 1, true);


--
-- TOC entry 5152 (class 0 OID 0)
-- Dependencies: 239
-- Name: posts_post_id_seq; Type: SEQUENCE SET; Schema: public; Owner: postgres
--

SELECT pg_catalog.setval('public.posts_post_id_seq', 33, true);


--
-- TOC entry 5153 (class 0 OID 0)
-- Dependencies: 245
-- Name: posts_post_tags_id_seq; Type: SEQUENCE SET; Schema: public; Owner: postgres
--

SELECT pg_catalog.setval('public.posts_post_tags_id_seq', 27, true);


--
-- TOC entry 5154 (class 0 OID 0)
-- Dependencies: 241
-- Name: posts_tag_id_seq; Type: SEQUENCE SET; Schema: public; Owner: postgres
--

SELECT pg_catalog.setval('public.posts_tag_id_seq', 10, true);


--
-- TOC entry 5155 (class 0 OID 0)
-- Dependencies: 250
-- Name: socialaccount_socialaccount_id_seq; Type: SEQUENCE SET; Schema: public; Owner: postgres
--

SELECT pg_catalog.setval('public.socialaccount_socialaccount_id_seq', 1, false);


--
-- TOC entry 5156 (class 0 OID 0)
-- Dependencies: 252
-- Name: socialaccount_socialapp_id_seq; Type: SEQUENCE SET; Schema: public; Owner: postgres
--

SELECT pg_catalog.setval('public.socialaccount_socialapp_id_seq', 1, false);


--
-- TOC entry 5157 (class 0 OID 0)
-- Dependencies: 254
-- Name: socialaccount_socialapp_sites_id_seq; Type: SEQUENCE SET; Schema: public; Owner: postgres
--

SELECT pg_catalog.setval('public.socialaccount_socialapp_sites_id_seq', 1, false);


--
-- TOC entry 5158 (class 0 OID 0)
-- Dependencies: 256
-- Name: socialaccount_socialtoken_id_seq; Type: SEQUENCE SET; Schema: public; Owner: postgres
--

SELECT pg_catalog.setval('public.socialaccount_socialtoken_id_seq', 1, false);


--
-- TOC entry 5159 (class 0 OID 0)
-- Dependencies: 258
-- Name: token_blacklist_blacklistedtoken_id_seq; Type: SEQUENCE SET; Schema: public; Owner: postgres
--

SELECT pg_catalog.setval('public.token_blacklist_blacklistedtoken_id_seq', 21, true);


--
-- TOC entry 5160 (class 0 OID 0)
-- Dependencies: 260
-- Name: token_blacklist_outstandingtoken_id_seq; Type: SEQUENCE SET; Schema: public; Owner: postgres
--

SELECT pg_catalog.setval('public.token_blacklist_outstandingtoken_id_seq', 37, true);


--
-- TOC entry 5161 (class 0 OID 0)
-- Dependencies: 229
-- Name: users_user_groups_id_seq; Type: SEQUENCE SET; Schema: public; Owner: postgres
--

SELECT pg_catalog.setval('public.users_user_groups_id_seq', 1, false);


--
-- TOC entry 5162 (class 0 OID 0)
-- Dependencies: 227
-- Name: users_user_id_seq; Type: SEQUENCE SET; Schema: public; Owner: postgres
--

SELECT pg_catalog.setval('public.users_user_id_seq', 5, true);


--
-- TOC entry 5163 (class 0 OID 0)
-- Dependencies: 231
-- Name: users_user_user_permissions_id_seq; Type: SEQUENCE SET; Schema: public; Owner: postgres
--

SELECT pg_catalog.setval('public.users_user_user_permissions_id_seq', 1, false);


--
-- TOC entry 4850 (class 2606 OID 17237)
-- Name: account_emailaddress account_emailaddress_pkey; Type: CONSTRAINT; Schema: public; Owner: postgres
--

ALTER TABLE ONLY public.account_emailaddress
    ADD CONSTRAINT account_emailaddress_pkey PRIMARY KEY (id);


--
-- TOC entry 4853 (class 2606 OID 17266)
-- Name: account_emailaddress account_emailaddress_user_id_email_987c8728_uniq; Type: CONSTRAINT; Schema: public; Owner: postgres
--

ALTER TABLE ONLY public.account_emailaddress
    ADD CONSTRAINT account_emailaddress_user_id_email_987c8728_uniq UNIQUE (user_id, email);


--
-- TOC entry 4859 (class 2606 OID 17247)
-- Name: account_emailconfirmation account_emailconfirmation_key_key; Type: CONSTRAINT; Schema: public; Owner: postgres
--

ALTER TABLE ONLY public.account_emailconfirmation
    ADD CONSTRAINT account_emailconfirmation_key_key UNIQUE (key);


--
-- TOC entry 4861 (class 2606 OID 17245)
-- Name: account_emailconfirmation account_emailconfirmation_pkey; Type: CONSTRAINT; Schema: public; Owner: postgres
--

ALTER TABLE ONLY public.account_emailconfirmation
    ADD CONSTRAINT account_emailconfirmation_pkey PRIMARY KEY (id);


--
-- TOC entry 4818 (class 2606 OID 17176)
-- Name: auth_group auth_group_name_key; Type: CONSTRAINT; Schema: public; Owner: postgres
--

ALTER TABLE ONLY public.auth_group
    ADD CONSTRAINT auth_group_name_key UNIQUE (name);


--
-- TOC entry 4823 (class 2606 OID 17162)
-- Name: auth_group_permissions auth_group_permissions_group_id_permission_id_0cd325b0_uniq; Type: CONSTRAINT; Schema: public; Owner: postgres
--

ALTER TABLE ONLY public.auth_group_permissions
    ADD CONSTRAINT auth_group_permissions_group_id_permission_id_0cd325b0_uniq UNIQUE (group_id, permission_id);


--
-- TOC entry 4826 (class 2606 OID 17151)
-- Name: auth_group_permissions auth_group_permissions_pkey; Type: CONSTRAINT; Schema: public; Owner: postgres
--

ALTER TABLE ONLY public.auth_group_permissions
    ADD CONSTRAINT auth_group_permissions_pkey PRIMARY KEY (id);


--
-- TOC entry 4820 (class 2606 OID 17143)
-- Name: auth_group auth_group_pkey; Type: CONSTRAINT; Schema: public; Owner: postgres
--

ALTER TABLE ONLY public.auth_group
    ADD CONSTRAINT auth_group_pkey PRIMARY KEY (id);


--
-- TOC entry 4813 (class 2606 OID 17153)
-- Name: auth_permission auth_permission_content_type_id_codename_01ab375a_uniq; Type: CONSTRAINT; Schema: public; Owner: postgres
--

ALTER TABLE ONLY public.auth_permission
    ADD CONSTRAINT auth_permission_content_type_id_codename_01ab375a_uniq UNIQUE (content_type_id, codename);


--
-- TOC entry 4815 (class 2606 OID 17137)
-- Name: auth_permission auth_permission_pkey; Type: CONSTRAINT; Schema: public; Owner: postgres
--

ALTER TABLE ONLY public.auth_permission
    ADD CONSTRAINT auth_permission_pkey PRIMARY KEY (id);


--
-- TOC entry 4877 (class 2606 OID 17317)
-- Name: comments_comment comments_comment_pkey; Type: CONSTRAINT; Schema: public; Owner: postgres
--

ALTER TABLE ONLY public.comments_comment
    ADD CONSTRAINT comments_comment_pkey PRIMARY KEY (id);


--
-- TOC entry 4864 (class 2606 OID 17280)
-- Name: django_admin_log django_admin_log_pkey; Type: CONSTRAINT; Schema: public; Owner: postgres
--

ALTER TABLE ONLY public.django_admin_log
    ADD CONSTRAINT django_admin_log_pkey PRIMARY KEY (id);


--
-- TOC entry 4808 (class 2606 OID 17131)
-- Name: django_content_type django_content_type_app_label_model_76bd3d3b_uniq; Type: CONSTRAINT; Schema: public; Owner: postgres
--

ALTER TABLE ONLY public.django_content_type
    ADD CONSTRAINT django_content_type_app_label_model_76bd3d3b_uniq UNIQUE (app_label, model);


--
-- TOC entry 4810 (class 2606 OID 17129)
-- Name: django_content_type django_content_type_pkey; Type: CONSTRAINT; Schema: public; Owner: postgres
--

ALTER TABLE ONLY public.django_content_type
    ADD CONSTRAINT django_content_type_pkey PRIMARY KEY (id);


--
-- TOC entry 4806 (class 2606 OID 17123)
-- Name: django_migrations django_migrations_pkey; Type: CONSTRAINT; Schema: public; Owner: postgres
--

ALTER TABLE ONLY public.django_migrations
    ADD CONSTRAINT django_migrations_pkey PRIMARY KEY (id);


--
-- TOC entry 4887 (class 2606 OID 17368)
-- Name: django_session django_session_pkey; Type: CONSTRAINT; Schema: public; Owner: postgres
--

ALTER TABLE ONLY public.django_session
    ADD CONSTRAINT django_session_pkey PRIMARY KEY (session_key);


--
-- TOC entry 4891 (class 2606 OID 17378)
-- Name: django_site django_site_domain_a2e37b91_uniq; Type: CONSTRAINT; Schema: public; Owner: postgres
--

ALTER TABLE ONLY public.django_site
    ADD CONSTRAINT django_site_domain_a2e37b91_uniq UNIQUE (domain);


--
-- TOC entry 4893 (class 2606 OID 17376)
-- Name: django_site django_site_pkey; Type: CONSTRAINT; Schema: public; Owner: postgres
--

ALTER TABLE ONLY public.django_site
    ADD CONSTRAINT django_site_pkey PRIMARY KEY (id);


--
-- TOC entry 4868 (class 2606 OID 17300)
-- Name: posts_post posts_post_pkey; Type: CONSTRAINT; Schema: public; Owner: postgres
--

ALTER TABLE ONLY public.posts_post
    ADD CONSTRAINT posts_post_pkey PRIMARY KEY (id);


--
-- TOC entry 4880 (class 2606 OID 17346)
-- Name: posts_post_tags posts_post_tags_pkey; Type: CONSTRAINT; Schema: public; Owner: postgres
--

ALTER TABLE ONLY public.posts_post_tags
    ADD CONSTRAINT posts_post_tags_pkey PRIMARY KEY (id);


--
-- TOC entry 4883 (class 2606 OID 17349)
-- Name: posts_post_tags posts_post_tags_post_id_tag_id_9b9d69ec_uniq; Type: CONSTRAINT; Schema: public; Owner: postgres
--

ALTER TABLE ONLY public.posts_post_tags
    ADD CONSTRAINT posts_post_tags_post_id_tag_id_9b9d69ec_uniq UNIQUE (post_id, tag_id);


--
-- TOC entry 4871 (class 2606 OID 17308)
-- Name: posts_tag posts_tag_name_key; Type: CONSTRAINT; Schema: public; Owner: postgres
--

ALTER TABLE ONLY public.posts_tag
    ADD CONSTRAINT posts_tag_name_key UNIQUE (name);


--
-- TOC entry 4873 (class 2606 OID 17306)
-- Name: posts_tag posts_tag_pkey; Type: CONSTRAINT; Schema: public; Owner: postgres
--

ALTER TABLE ONLY public.posts_tag
    ADD CONSTRAINT posts_tag_pkey PRIMARY KEY (id);


--
-- TOC entry 4895 (class 2606 OID 17387)
-- Name: socialaccount_socialaccount socialaccount_socialaccount_pkey; Type: CONSTRAINT; Schema: public; Owner: postgres
--

ALTER TABLE ONLY public.socialaccount_socialaccount
    ADD CONSTRAINT socialaccount_socialaccount_pkey PRIMARY KEY (id);


--
-- TOC entry 4897 (class 2606 OID 17449)
-- Name: socialaccount_socialaccount socialaccount_socialaccount_provider_uid_fc810c6e_uniq; Type: CONSTRAINT; Schema: public; Owner: postgres
--

ALTER TABLE ONLY public.socialaccount_socialaccount
    ADD CONSTRAINT socialaccount_socialaccount_provider_uid_fc810c6e_uniq UNIQUE (provider, uid);


--
-- TOC entry 4902 (class 2606 OID 17419)
-- Name: socialaccount_socialapp_sites socialaccount_socialapp__socialapp_id_site_id_71a9a768_uniq; Type: CONSTRAINT; Schema: public; Owner: postgres
--

ALTER TABLE ONLY public.socialaccount_socialapp_sites
    ADD CONSTRAINT socialaccount_socialapp__socialapp_id_site_id_71a9a768_uniq UNIQUE (socialapp_id, site_id);


--
-- TOC entry 4900 (class 2606 OID 17393)
-- Name: socialaccount_socialapp socialaccount_socialapp_pkey; Type: CONSTRAINT; Schema: public; Owner: postgres
--

ALTER TABLE ONLY public.socialaccount_socialapp
    ADD CONSTRAINT socialaccount_socialapp_pkey PRIMARY KEY (id);


--
-- TOC entry 4904 (class 2606 OID 17399)
-- Name: socialaccount_socialapp_sites socialaccount_socialapp_sites_pkey; Type: CONSTRAINT; Schema: public; Owner: postgres
--

ALTER TABLE ONLY public.socialaccount_socialapp_sites
    ADD CONSTRAINT socialaccount_socialapp_sites_pkey PRIMARY KEY (id);


--
-- TOC entry 4910 (class 2606 OID 17409)
-- Name: socialaccount_socialtoken socialaccount_socialtoken_app_id_account_id_fca4e0ac_uniq; Type: CONSTRAINT; Schema: public; Owner: postgres
--

ALTER TABLE ONLY public.socialaccount_socialtoken
    ADD CONSTRAINT socialaccount_socialtoken_app_id_account_id_fca4e0ac_uniq UNIQUE (app_id, account_id);


--
-- TOC entry 4912 (class 2606 OID 17407)
-- Name: socialaccount_socialtoken socialaccount_socialtoken_pkey; Type: CONSTRAINT; Schema: public; Owner: postgres
--

ALTER TABLE ONLY public.socialaccount_socialtoken
    ADD CONSTRAINT socialaccount_socialtoken_pkey PRIMARY KEY (id);


--
-- TOC entry 4914 (class 2606 OID 17503)
-- Name: token_blacklist_blacklistedtoken token_blacklist_blacklistedtoken_pkey; Type: CONSTRAINT; Schema: public; Owner: postgres
--

ALTER TABLE ONLY public.token_blacklist_blacklistedtoken
    ADD CONSTRAINT token_blacklist_blacklistedtoken_pkey PRIMARY KEY (id);


--
-- TOC entry 4916 (class 2606 OID 17524)
-- Name: token_blacklist_blacklistedtoken token_blacklist_blacklistedtoken_token_id_key; Type: CONSTRAINT; Schema: public; Owner: postgres
--

ALTER TABLE ONLY public.token_blacklist_blacklistedtoken
    ADD CONSTRAINT token_blacklist_blacklistedtoken_token_id_key UNIQUE (token_id);


--
-- TOC entry 4919 (class 2606 OID 17494)
-- Name: token_blacklist_outstandingtoken token_blacklist_outstandingtoken_jti_hex_d9bdf6f7_uniq; Type: CONSTRAINT; Schema: public; Owner: postgres
--

ALTER TABLE ONLY public.token_blacklist_outstandingtoken
    ADD CONSTRAINT token_blacklist_outstandingtoken_jti_hex_d9bdf6f7_uniq UNIQUE (jti);


--
-- TOC entry 4921 (class 2606 OID 17512)
-- Name: token_blacklist_outstandingtoken token_blacklist_outstandingtoken_pkey; Type: CONSTRAINT; Schema: public; Owner: postgres
--

ALTER TABLE ONLY public.token_blacklist_outstandingtoken
    ADD CONSTRAINT token_blacklist_outstandingtoken_pkey PRIMARY KEY (id);


--
-- TOC entry 4829 (class 2606 OID 17189)
-- Name: users_user users_user_email_key; Type: CONSTRAINT; Schema: public; Owner: postgres
--

ALTER TABLE ONLY public.users_user
    ADD CONSTRAINT users_user_email_key UNIQUE (email);


--
-- TOC entry 4837 (class 2606 OID 17195)
-- Name: users_user_groups users_user_groups_pkey; Type: CONSTRAINT; Schema: public; Owner: postgres
--

ALTER TABLE ONLY public.users_user_groups
    ADD CONSTRAINT users_user_groups_pkey PRIMARY KEY (id);


--
-- TOC entry 4840 (class 2606 OID 17205)
-- Name: users_user_groups users_user_groups_user_id_group_id_b88eab82_uniq; Type: CONSTRAINT; Schema: public; Owner: postgres
--

ALTER TABLE ONLY public.users_user_groups
    ADD CONSTRAINT users_user_groups_user_id_group_id_b88eab82_uniq UNIQUE (user_id, group_id);


--
-- TOC entry 4831 (class 2606 OID 17185)
-- Name: users_user users_user_pkey; Type: CONSTRAINT; Schema: public; Owner: postgres
--

ALTER TABLE ONLY public.users_user
    ADD CONSTRAINT users_user_pkey PRIMARY KEY (id);


--
-- TOC entry 4843 (class 2606 OID 17201)
-- Name: users_user_user_permissions users_user_user_permissions_pkey; Type: CONSTRAINT; Schema: public; Owner: postgres
--

ALTER TABLE ONLY public.users_user_user_permissions
    ADD CONSTRAINT users_user_user_permissions_pkey PRIMARY KEY (id);


--
-- TOC entry 4846 (class 2606 OID 17219)
-- Name: users_user_user_permissions users_user_user_permissions_user_id_permission_id_43338c45_uniq; Type: CONSTRAINT; Schema: public; Owner: postgres
--

ALTER TABLE ONLY public.users_user_user_permissions
    ADD CONSTRAINT users_user_user_permissions_user_id_permission_id_43338c45_uniq UNIQUE (user_id, permission_id);


--
-- TOC entry 4834 (class 2606 OID 17187)
-- Name: users_user users_user_username_key; Type: CONSTRAINT; Schema: public; Owner: postgres
--

ALTER TABLE ONLY public.users_user
    ADD CONSTRAINT users_user_username_key UNIQUE (username);


--
-- TOC entry 4847 (class 1259 OID 17269)
-- Name: account_emailaddress_email_03be32b2; Type: INDEX; Schema: public; Owner: postgres
--

CREATE INDEX account_emailaddress_email_03be32b2 ON public.account_emailaddress USING btree (email);


--
-- TOC entry 4848 (class 1259 OID 17270)
-- Name: account_emailaddress_email_03be32b2_like; Type: INDEX; Schema: public; Owner: postgres
--

CREATE INDEX account_emailaddress_email_03be32b2_like ON public.account_emailaddress USING btree (email varchar_pattern_ops);


--
-- TOC entry 4851 (class 1259 OID 17254)
-- Name: account_emailaddress_user_id_2c513194; Type: INDEX; Schema: public; Owner: postgres
--

CREATE INDEX account_emailaddress_user_id_2c513194 ON public.account_emailaddress USING btree (user_id);


--
-- TOC entry 4856 (class 1259 OID 17261)
-- Name: account_emailconfirmation_email_address_id_5b7f8c58; Type: INDEX; Schema: public; Owner: postgres
--

CREATE INDEX account_emailconfirmation_email_address_id_5b7f8c58 ON public.account_emailconfirmation USING btree (email_address_id);


--
-- TOC entry 4857 (class 1259 OID 17260)
-- Name: account_emailconfirmation_key_f43612bd_like; Type: INDEX; Schema: public; Owner: postgres
--

CREATE INDEX account_emailconfirmation_key_f43612bd_like ON public.account_emailconfirmation USING btree (key varchar_pattern_ops);


--
-- TOC entry 4816 (class 1259 OID 17177)
-- Name: auth_group_name_a6ea08ec_like; Type: INDEX; Schema: public; Owner: postgres
--

CREATE INDEX auth_group_name_a6ea08ec_like ON public.auth_group USING btree (name varchar_pattern_ops);


--
-- TOC entry 4821 (class 1259 OID 17173)
-- Name: auth_group_permissions_group_id_b120cbf9; Type: INDEX; Schema: public; Owner: postgres
--

CREATE INDEX auth_group_permissions_group_id_b120cbf9 ON public.auth_group_permissions USING btree (group_id);


--
-- TOC entry 4824 (class 1259 OID 17174)
-- Name: auth_group_permissions_permission_id_84c5c92e; Type: INDEX; Schema: public; Owner: postgres
--

CREATE INDEX auth_group_permissions_permission_id_84c5c92e ON public.auth_group_permissions USING btree (permission_id);


--
-- TOC entry 4811 (class 1259 OID 17159)
-- Name: auth_permission_content_type_id_2f476e4b; Type: INDEX; Schema: public; Owner: postgres
--

CREATE INDEX auth_permission_content_type_id_2f476e4b ON public.auth_permission USING btree (content_type_id);


--
-- TOC entry 4874 (class 1259 OID 17333)
-- Name: comments_comment_commenter_id_ea13f223; Type: INDEX; Schema: public; Owner: postgres
--

CREATE INDEX comments_comment_commenter_id_ea13f223 ON public.comments_comment USING btree (commenter_id);


--
-- TOC entry 4875 (class 1259 OID 17334)
-- Name: comments_comment_parent_id_3e0802fb; Type: INDEX; Schema: public; Owner: postgres
--

CREATE INDEX comments_comment_parent_id_3e0802fb ON public.comments_comment USING btree (parent_id);


--
-- TOC entry 4878 (class 1259 OID 17335)
-- Name: comments_comment_post_id_96a9ac05; Type: INDEX; Schema: public; Owner: postgres
--

CREATE INDEX comments_comment_post_id_96a9ac05 ON public.comments_comment USING btree (post_id);


--
-- TOC entry 4862 (class 1259 OID 17291)
-- Name: django_admin_log_content_type_id_c4bce8eb; Type: INDEX; Schema: public; Owner: postgres
--

CREATE INDEX django_admin_log_content_type_id_c4bce8eb ON public.django_admin_log USING btree (content_type_id);


--
-- TOC entry 4865 (class 1259 OID 17292)
-- Name: django_admin_log_user_id_c564eba6; Type: INDEX; Schema: public; Owner: postgres
--

CREATE INDEX django_admin_log_user_id_c564eba6 ON public.django_admin_log USING btree (user_id);


--
-- TOC entry 4885 (class 1259 OID 17370)
-- Name: django_session_expire_date_a5c62663; Type: INDEX; Schema: public; Owner: postgres
--

CREATE INDEX django_session_expire_date_a5c62663 ON public.django_session USING btree (expire_date);


--
-- TOC entry 4888 (class 1259 OID 17369)
-- Name: django_session_session_key_c0390e0f_like; Type: INDEX; Schema: public; Owner: postgres
--

CREATE INDEX django_session_session_key_c0390e0f_like ON public.django_session USING btree (session_key varchar_pattern_ops);


--
-- TOC entry 4889 (class 1259 OID 17379)
-- Name: django_site_domain_a2e37b91_like; Type: INDEX; Schema: public; Owner: postgres
--

CREATE INDEX django_site_domain_a2e37b91_like ON public.django_site USING btree (domain varchar_pattern_ops);


--
-- TOC entry 4866 (class 1259 OID 17347)
-- Name: posts_post_author_id_fe5487bf; Type: INDEX; Schema: public; Owner: postgres
--

CREATE INDEX posts_post_author_id_fe5487bf ON public.posts_post USING btree (author_id);


--
-- TOC entry 4881 (class 1259 OID 17360)
-- Name: posts_post_tags_post_id_1f164920; Type: INDEX; Schema: public; Owner: postgres
--

CREATE INDEX posts_post_tags_post_id_1f164920 ON public.posts_post_tags USING btree (post_id);


--
-- TOC entry 4884 (class 1259 OID 17361)
-- Name: posts_post_tags_tag_id_0743d52e; Type: INDEX; Schema: public; Owner: postgres
--

CREATE INDEX posts_post_tags_tag_id_0743d52e ON public.posts_post_tags USING btree (tag_id);


--
-- TOC entry 4869 (class 1259 OID 17309)
-- Name: posts_tag_name_70364ab3_like; Type: INDEX; Schema: public; Owner: postgres
--

CREATE INDEX posts_tag_name_70364ab3_like ON public.posts_tag USING btree (name varchar_pattern_ops);


--
-- TOC entry 4898 (class 1259 OID 17417)
-- Name: socialaccount_socialaccount_user_id_8146e70c; Type: INDEX; Schema: public; Owner: postgres
--

CREATE INDEX socialaccount_socialaccount_user_id_8146e70c ON public.socialaccount_socialaccount USING btree (user_id);


--
-- TOC entry 4905 (class 1259 OID 17431)
-- Name: socialaccount_socialapp_sites_site_id_2579dee5; Type: INDEX; Schema: public; Owner: postgres
--

CREATE INDEX socialaccount_socialapp_sites_site_id_2579dee5 ON public.socialaccount_socialapp_sites USING btree (site_id);


--
-- TOC entry 4906 (class 1259 OID 17430)
-- Name: socialaccount_socialapp_sites_socialapp_id_97fb6e7d; Type: INDEX; Schema: public; Owner: postgres
--

CREATE INDEX socialaccount_socialapp_sites_socialapp_id_97fb6e7d ON public.socialaccount_socialapp_sites USING btree (socialapp_id);


--
-- TOC entry 4907 (class 1259 OID 17442)
-- Name: socialaccount_socialtoken_account_id_951f210e; Type: INDEX; Schema: public; Owner: postgres
--

CREATE INDEX socialaccount_socialtoken_account_id_951f210e ON public.socialaccount_socialtoken USING btree (account_id);


--
-- TOC entry 4908 (class 1259 OID 17443)
-- Name: socialaccount_socialtoken_app_id_636a42d7; Type: INDEX; Schema: public; Owner: postgres
--

CREATE INDEX socialaccount_socialtoken_app_id_636a42d7 ON public.socialaccount_socialtoken USING btree (app_id);


--
-- TOC entry 4917 (class 1259 OID 17495)
-- Name: token_blacklist_outstandingtoken_jti_hex_d9bdf6f7_like; Type: INDEX; Schema: public; Owner: postgres
--

CREATE INDEX token_blacklist_outstandingtoken_jti_hex_d9bdf6f7_like ON public.token_blacklist_outstandingtoken USING btree (jti varchar_pattern_ops);


--
-- TOC entry 4922 (class 1259 OID 17492)
-- Name: token_blacklist_outstandingtoken_user_id_83bc629a; Type: INDEX; Schema: public; Owner: postgres
--

CREATE INDEX token_blacklist_outstandingtoken_user_id_83bc629a ON public.token_blacklist_outstandingtoken USING btree (user_id);


--
-- TOC entry 4854 (class 1259 OID 17271)
-- Name: unique_primary_email; Type: INDEX; Schema: public; Owner: postgres
--

CREATE UNIQUE INDEX unique_primary_email ON public.account_emailaddress USING btree (user_id, "primary") WHERE "primary";


--
-- TOC entry 4855 (class 1259 OID 17267)
-- Name: unique_verified_email; Type: INDEX; Schema: public; Owner: postgres
--

CREATE UNIQUE INDEX unique_verified_email ON public.account_emailaddress USING btree (email) WHERE verified;


--
-- TOC entry 4827 (class 1259 OID 17203)
-- Name: users_user_email_243f6e77_like; Type: INDEX; Schema: public; Owner: postgres
--

CREATE INDEX users_user_email_243f6e77_like ON public.users_user USING btree (email varchar_pattern_ops);


--
-- TOC entry 4835 (class 1259 OID 17217)
-- Name: users_user_groups_group_id_9afc8d0e; Type: INDEX; Schema: public; Owner: postgres
--

CREATE INDEX users_user_groups_group_id_9afc8d0e ON public.users_user_groups USING btree (group_id);


--
-- TOC entry 4838 (class 1259 OID 17216)
-- Name: users_user_groups_user_id_5f6f5a90; Type: INDEX; Schema: public; Owner: postgres
--

CREATE INDEX users_user_groups_user_id_5f6f5a90 ON public.users_user_groups USING btree (user_id);


--
-- TOC entry 4841 (class 1259 OID 17231)
-- Name: users_user_user_permissions_permission_id_0b93982e; Type: INDEX; Schema: public; Owner: postgres
--

CREATE INDEX users_user_user_permissions_permission_id_0b93982e ON public.users_user_user_permissions USING btree (permission_id);


--
-- TOC entry 4844 (class 1259 OID 17230)
-- Name: users_user_user_permissions_user_id_20aca447; Type: INDEX; Schema: public; Owner: postgres
--

CREATE INDEX users_user_user_permissions_user_id_20aca447 ON public.users_user_user_permissions USING btree (user_id);


--
-- TOC entry 4832 (class 1259 OID 17202)
-- Name: users_user_username_06e46fe6_like; Type: INDEX; Schema: public; Owner: postgres
--

CREATE INDEX users_user_username_06e46fe6_like ON public.users_user USING btree (username varchar_pattern_ops);


--
-- TOC entry 4930 (class 2606 OID 17248)
-- Name: account_emailaddress account_emailaddress_user_id_2c513194_fk_users_user_id; Type: FK CONSTRAINT; Schema: public; Owner: postgres
--

ALTER TABLE ONLY public.account_emailaddress
    ADD CONSTRAINT account_emailaddress_user_id_2c513194_fk_users_user_id FOREIGN KEY (user_id) REFERENCES public.users_user(id) DEFERRABLE INITIALLY DEFERRED;


--
-- TOC entry 4931 (class 2606 OID 17255)
-- Name: account_emailconfirmation account_emailconfirm_email_address_id_5b7f8c58_fk_account_e; Type: FK CONSTRAINT; Schema: public; Owner: postgres
--

ALTER TABLE ONLY public.account_emailconfirmation
    ADD CONSTRAINT account_emailconfirm_email_address_id_5b7f8c58_fk_account_e FOREIGN KEY (email_address_id) REFERENCES public.account_emailaddress(id) DEFERRABLE INITIALLY DEFERRED;


--
-- TOC entry 4924 (class 2606 OID 17168)
-- Name: auth_group_permissions auth_group_permissio_permission_id_84c5c92e_fk_auth_perm; Type: FK CONSTRAINT; Schema: public; Owner: postgres
--

ALTER TABLE ONLY public.auth_group_permissions
    ADD CONSTRAINT auth_group_permissio_permission_id_84c5c92e_fk_auth_perm FOREIGN KEY (permission_id) REFERENCES public.auth_permission(id) DEFERRABLE INITIALLY DEFERRED;


--
-- TOC entry 4925 (class 2606 OID 17163)
-- Name: auth_group_permissions auth_group_permissions_group_id_b120cbf9_fk_auth_group_id; Type: FK CONSTRAINT; Schema: public; Owner: postgres
--

ALTER TABLE ONLY public.auth_group_permissions
    ADD CONSTRAINT auth_group_permissions_group_id_b120cbf9_fk_auth_group_id FOREIGN KEY (group_id) REFERENCES public.auth_group(id) DEFERRABLE INITIALLY DEFERRED;


--
-- TOC entry 4923 (class 2606 OID 17154)
-- Name: auth_permission auth_permission_content_type_id_2f476e4b_fk_django_co; Type: FK CONSTRAINT; Schema: public; Owner: postgres
--

ALTER TABLE ONLY public.auth_permission
    ADD CONSTRAINT auth_permission_content_type_id_2f476e4b_fk_django_co FOREIGN KEY (content_type_id) REFERENCES public.django_content_type(id) DEFERRABLE INITIALLY DEFERRED;


--
-- TOC entry 4935 (class 2606 OID 17318)
-- Name: comments_comment comments_comment_commenter_id_ea13f223_fk_users_user_id; Type: FK CONSTRAINT; Schema: public; Owner: postgres
--

ALTER TABLE ONLY public.comments_comment
    ADD CONSTRAINT comments_comment_commenter_id_ea13f223_fk_users_user_id FOREIGN KEY (commenter_id) REFERENCES public.users_user(id) DEFERRABLE INITIALLY DEFERRED;


--
-- TOC entry 4936 (class 2606 OID 17323)
-- Name: comments_comment comments_comment_parent_id_3e0802fb_fk_comments_comment_id; Type: FK CONSTRAINT; Schema: public; Owner: postgres
--

ALTER TABLE ONLY public.comments_comment
    ADD CONSTRAINT comments_comment_parent_id_3e0802fb_fk_comments_comment_id FOREIGN KEY (parent_id) REFERENCES public.comments_comment(id) DEFERRABLE INITIALLY DEFERRED;


--
-- TOC entry 4937 (class 2606 OID 17328)
-- Name: comments_comment comments_comment_post_id_96a9ac05_fk_posts_post_id; Type: FK CONSTRAINT; Schema: public; Owner: postgres
--

ALTER TABLE ONLY public.comments_comment
    ADD CONSTRAINT comments_comment_post_id_96a9ac05_fk_posts_post_id FOREIGN KEY (post_id) REFERENCES public.posts_post(id) DEFERRABLE INITIALLY DEFERRED;


--
-- TOC entry 4932 (class 2606 OID 17281)
-- Name: django_admin_log django_admin_log_content_type_id_c4bce8eb_fk_django_co; Type: FK CONSTRAINT; Schema: public; Owner: postgres
--

ALTER TABLE ONLY public.django_admin_log
    ADD CONSTRAINT django_admin_log_content_type_id_c4bce8eb_fk_django_co FOREIGN KEY (content_type_id) REFERENCES public.django_content_type(id) DEFERRABLE INITIALLY DEFERRED;


--
-- TOC entry 4933 (class 2606 OID 17286)
-- Name: django_admin_log django_admin_log_user_id_c564eba6_fk_users_user_id; Type: FK CONSTRAINT; Schema: public; Owner: postgres
--

ALTER TABLE ONLY public.django_admin_log
    ADD CONSTRAINT django_admin_log_user_id_c564eba6_fk_users_user_id FOREIGN KEY (user_id) REFERENCES public.users_user(id) DEFERRABLE INITIALLY DEFERRED;


--
-- TOC entry 4934 (class 2606 OID 17336)
-- Name: posts_post posts_post_author_id_fe5487bf_fk_users_user_id; Type: FK CONSTRAINT; Schema: public; Owner: postgres
--

ALTER TABLE ONLY public.posts_post
    ADD CONSTRAINT posts_post_author_id_fe5487bf_fk_users_user_id FOREIGN KEY (author_id) REFERENCES public.users_user(id) DEFERRABLE INITIALLY DEFERRED;


--
-- TOC entry 4938 (class 2606 OID 17350)
-- Name: posts_post_tags posts_post_tags_post_id_1f164920_fk_posts_post_id; Type: FK CONSTRAINT; Schema: public; Owner: postgres
--

ALTER TABLE ONLY public.posts_post_tags
    ADD CONSTRAINT posts_post_tags_post_id_1f164920_fk_posts_post_id FOREIGN KEY (post_id) REFERENCES public.posts_post(id) DEFERRABLE INITIALLY DEFERRED;


--
-- TOC entry 4939 (class 2606 OID 17355)
-- Name: posts_post_tags posts_post_tags_tag_id_0743d52e_fk_posts_tag_id; Type: FK CONSTRAINT; Schema: public; Owner: postgres
--

ALTER TABLE ONLY public.posts_post_tags
    ADD CONSTRAINT posts_post_tags_tag_id_0743d52e_fk_posts_tag_id FOREIGN KEY (tag_id) REFERENCES public.posts_tag(id) DEFERRABLE INITIALLY DEFERRED;


--
-- TOC entry 4943 (class 2606 OID 17432)
-- Name: socialaccount_socialtoken socialaccount_social_account_id_951f210e_fk_socialacc; Type: FK CONSTRAINT; Schema: public; Owner: postgres
--

ALTER TABLE ONLY public.socialaccount_socialtoken
    ADD CONSTRAINT socialaccount_social_account_id_951f210e_fk_socialacc FOREIGN KEY (account_id) REFERENCES public.socialaccount_socialaccount(id) DEFERRABLE INITIALLY DEFERRED;


--
-- TOC entry 4944 (class 2606 OID 17450)
-- Name: socialaccount_socialtoken socialaccount_social_app_id_636a42d7_fk_socialacc; Type: FK CONSTRAINT; Schema: public; Owner: postgres
--

ALTER TABLE ONLY public.socialaccount_socialtoken
    ADD CONSTRAINT socialaccount_social_app_id_636a42d7_fk_socialacc FOREIGN KEY (app_id) REFERENCES public.socialaccount_socialapp(id) DEFERRABLE INITIALLY DEFERRED;


--
-- TOC entry 4941 (class 2606 OID 17425)
-- Name: socialaccount_socialapp_sites socialaccount_social_site_id_2579dee5_fk_django_si; Type: FK CONSTRAINT; Schema: public; Owner: postgres
--

ALTER TABLE ONLY public.socialaccount_socialapp_sites
    ADD CONSTRAINT socialaccount_social_site_id_2579dee5_fk_django_si FOREIGN KEY (site_id) REFERENCES public.django_site(id) DEFERRABLE INITIALLY DEFERRED;


--
-- TOC entry 4942 (class 2606 OID 17420)
-- Name: socialaccount_socialapp_sites socialaccount_social_socialapp_id_97fb6e7d_fk_socialacc; Type: FK CONSTRAINT; Schema: public; Owner: postgres
--

ALTER TABLE ONLY public.socialaccount_socialapp_sites
    ADD CONSTRAINT socialaccount_social_socialapp_id_97fb6e7d_fk_socialacc FOREIGN KEY (socialapp_id) REFERENCES public.socialaccount_socialapp(id) DEFERRABLE INITIALLY DEFERRED;


--
-- TOC entry 4940 (class 2606 OID 17412)
-- Name: socialaccount_socialaccount socialaccount_socialaccount_user_id_8146e70c_fk_users_user_id; Type: FK CONSTRAINT; Schema: public; Owner: postgres
--

ALTER TABLE ONLY public.socialaccount_socialaccount
    ADD CONSTRAINT socialaccount_socialaccount_user_id_8146e70c_fk_users_user_id FOREIGN KEY (user_id) REFERENCES public.users_user(id) DEFERRABLE INITIALLY DEFERRED;


--
-- TOC entry 4945 (class 2606 OID 17530)
-- Name: token_blacklist_blacklistedtoken token_blacklist_blacklistedtoken_token_id_3cc7fe56_fk; Type: FK CONSTRAINT; Schema: public; Owner: postgres
--

ALTER TABLE ONLY public.token_blacklist_blacklistedtoken
    ADD CONSTRAINT token_blacklist_blacklistedtoken_token_id_3cc7fe56_fk FOREIGN KEY (token_id) REFERENCES public.token_blacklist_outstandingtoken(id) DEFERRABLE INITIALLY DEFERRED;


--
-- TOC entry 4946 (class 2606 OID 17496)
-- Name: token_blacklist_outstandingtoken token_blacklist_outs_user_id_83bc629a_fk_users_use; Type: FK CONSTRAINT; Schema: public; Owner: postgres
--

ALTER TABLE ONLY public.token_blacklist_outstandingtoken
    ADD CONSTRAINT token_blacklist_outs_user_id_83bc629a_fk_users_use FOREIGN KEY (user_id) REFERENCES public.users_user(id) DEFERRABLE INITIALLY DEFERRED;


--
-- TOC entry 4926 (class 2606 OID 17211)
-- Name: users_user_groups users_user_groups_group_id_9afc8d0e_fk_auth_group_id; Type: FK CONSTRAINT; Schema: public; Owner: postgres
--

ALTER TABLE ONLY public.users_user_groups
    ADD CONSTRAINT users_user_groups_group_id_9afc8d0e_fk_auth_group_id FOREIGN KEY (group_id) REFERENCES public.auth_group(id) DEFERRABLE INITIALLY DEFERRED;


--
-- TOC entry 4927 (class 2606 OID 17206)
-- Name: users_user_groups users_user_groups_user_id_5f6f5a90_fk_users_user_id; Type: FK CONSTRAINT; Schema: public; Owner: postgres
--

ALTER TABLE ONLY public.users_user_groups
    ADD CONSTRAINT users_user_groups_user_id_5f6f5a90_fk_users_user_id FOREIGN KEY (user_id) REFERENCES public.users_user(id) DEFERRABLE INITIALLY DEFERRED;


--
-- TOC entry 4928 (class 2606 OID 17225)
-- Name: users_user_user_permissions users_user_user_perm_permission_id_0b93982e_fk_auth_perm; Type: FK CONSTRAINT; Schema: public; Owner: postgres
--

ALTER TABLE ONLY public.users_user_user_permissions
    ADD CONSTRAINT users_user_user_perm_permission_id_0b93982e_fk_auth_perm FOREIGN KEY (permission_id) REFERENCES public.auth_permission(id) DEFERRABLE INITIALLY DEFERRED;


--
-- TOC entry 4929 (class 2606 OID 17220)
-- Name: users_user_user_permissions users_user_user_permissions_user_id_20aca447_fk_users_user_id; Type: FK CONSTRAINT; Schema: public; Owner: postgres
--

ALTER TABLE ONLY public.users_user_user_permissions
    ADD CONSTRAINT users_user_user_permissions_user_id_20aca447_fk_users_user_id FOREIGN KEY (user_id) REFERENCES public.users_user(id) DEFERRABLE INITIALLY DEFERRED;


-- Completed on 2025-07-12 01:21:55

--
-- PostgreSQL database dump complete
--

